category,rule_type,value,match_mode,memo

actionfigurines,allow,S.H.Figuarts,contains,
actionfigurines,allow,S.H.フィギュアーツ,contains,
actionfigurines,allow,真骨彫,contains,
actionfigurines,allow,超像可動,contains,
actionfigurines,allow,S.H.モンスターアーツ,contains,
actionfigurines,allow,アクションフィギュア,contains,
actionfigurines,allow,可動フィギュア,contains,
actionfigurines,allow,塗装済み可動フィギュア,contains,

actionfigurines,deny,&,contains,
actionfigurines,deny,プラモデル,contains,
actionfigurines,deny,フィギュアライズスタンダード,contains,
actionfigurines,deny,輝艦大全,contains,
actionfigurines,deny,宇宙戦艦ヤマト,contains,
actionfigurines,deny,GGGシリーズ,contains,
actionfigurines,deny,一番くじ,contains,
actionfigurines,deny,MASTERLISE,contains,
actionfigurines,deny,SOFVICS,contains,

showerheads,allow,シャワーヘッド,contains,
showerheads,allow,シャワー,contains,
showerheads,allow,レイニー,contains,
showerheads,allow,ミトス,contains,
showerheads,allow,ウルトラファインバブル,contains,
showerheads,allow,ファインバブル,contains,
showerheads,allow,ミスト,contains,
showerheads,allow,節水,contains,
showerheads,allow,手元ストップ,contains,

showerheads,deny,シャワーホース,contains,
showerheads,deny,ホース,contains,
showerheads,deny,アダプター,contains,
showerheads,deny,散水ノズル,contains,
showerheads,deny,蛇口,contains,
showerheads,deny,水栓,contains,
showerheads,deny,混合栓,contains,
showerheads,deny,止水栓,contains,
showerheads,deny,シャワーフック,contains,
showerheads,deny,シャワーハンガー,contains,

fishing pliers,allow,フィッシングプライヤー,contains,
fishing pliers,allow,釣り用プライヤー,contains,
fishing pliers,allow,釣りプライヤー,contains,
fishing pliers,allow,釣り用ペンチ,contains,
fishing pliers,allow,釣りペンチ,contains,
fishing pliers,allow,フィッシュペンチ,contains,
fishing pliers,allow,スプリットリングプライヤー,contains,
fishing pliers,allow,スプリットプライヤー,contains,
fishing pliers,allow,リングプライヤー,contains,
fishing pliers,allow,針はずしプライヤー,contains,
fishing pliers,allow,針外しプライヤー,contains,
fishing pliers,allow,ルアープライヤー,contains,
fishing pliers,allow,フックプライヤー,contains,
fishing pliers,allow,パワープライヤー,contains,
fishing pliers,allow,ADプライヤー,contains,
fishing pliers,allow,ガンプライヤー,contains,
fishing pliers,allow,フィッシャーマンズプライヤー,contains,
fishing pliers,deny,セット,contains,
fishing pliers,deny,2点,contains,
fishing pliers,deny,2個,contains,
fishing pliers,deny,プライヤー用,contains,
fishing pliers,deny,プライヤーホルダー,contains,
fishing pliers,deny,プライヤーケース,contains,
fishing pliers,deny,プライヤーマルチシース,contains,
fishing pliers,deny,フィッシュグリップ,contains,
fishing pliers,deny,フィッシュキャッチャー,contains,
fishing pliers,deny,フィッシュグリッパー,contains,
fishing pliers,deny,魚つかみ,contains,
fishing pliers,deny,魚掴み,contains,
fishing pliers,deny,ワニグリップ,contains,
fishing pliers,deny,フックリリーサー,contains,
fishing pliers,deny,フックリムーバー,contains,
fishing pliers,deny,T字型,contains,
fishing pliers,deny,フォーセップ,contains,
fishing pliers,deny,骨抜き,contains,
fishing pliers,deny,ハサミ,contains,
fishing pliers,deny,シザー,contains,
fishing pliers,deny,ナイフ,contains,
fishing pliers,deny,ラジオペンチ,contains,
fishing pliers,deny,ウォーターポンププライヤー,contains,
fishing pliers,deny,ロッキングプライヤー,contains,
fishing pliers,deny,工具セット,contains,
fishing pliers,deny,ケース,contains,
fishing pliers,deny,カバー,contains,
fishing pliers,deny,ホルダー,contains,
fishing pliers,deny,ホルスター,contains,
fishing pliers,deny,収納袋付き,contains,
fishing pliers,deny,収納ポーチ付き,contains,
fishing pliers,deny,バッグ付属,contains,
fishing pliers,deny,安全ロープ付き,contains,
fishing pliers,deny,尻手ロープ付き,contains,
fishing pliers,deny,スパイラルコード付き,contains,
fishing pliers,deny,ランヤード付き,contains,
fishing pliers,deny,カラビナ付き,contains,
fishing pliers,deny,O-リング,contains,
fishing pliers,deny,手芸,contains,
fishing pliers,deny,ジュエリー製作,contains,
fishing pliers,deny,ペット耳,contains,

custom handle & knob,allow,リールハンドル,contains,
custom handle & knob,allow,リール ハンドル,contains,
custom handle & knob,allow,ハンドルノブ,contains,
custom handle & knob,allow,カスタムハンドル,contains,
custom handle & knob,allow,カスタムチタンノブ,contains,
custom handle & knob,allow,カスタムノブ,contains,
custom handle & knob,allow,RCS パワーライトノブ,contains,
custom handle & knob,allow,SLPW Iシェイプ,contains,
custom handle & knob,allow,RCS ハイグリップ,contains,
custom handle & knob,allow,カラーアルミラウンドノブ,contains,
custom handle & knob,allow,SPハイグリップノブ,contains,
custom handle & knob,allow,Sサイズノブ POM,contains,
custom handle & knob,allow,フィーノプラス 1個入,contains,
custom handle & knob,deny,ドアハンドル,contains,
custom handle & knob,deny,ドアノブ,contains,
custom handle & knob,deny,シフトノブ,contains,
custom handle & knob,deny,ギアシフト,contains,
custom handle & knob,deny,ハンドルスピンナー,contains,
custom handle & knob,deny,ステアリング,contains,
custom handle & knob,deny,引き出しノブ,contains,
custom handle & knob,deny,ストーブ用ノブ,contains,
custom handle & knob,deny,カバー,contains,
custom handle & knob,deny,プロテクター,contains,
custom handle & knob,deny,ノブキャップ,contains,
custom handle & knob,deny,ハンドルナット,contains,
custom handle & knob,deny,センターナット,contains,
custom handle & knob,deny,ハンドルボルト,contains,
custom handle & knob,deny,ハンドル スカート,contains,
custom handle & knob,deny,ベアリング リール ハンドルノブ,contains,
custom handle & knob,deny,スクリュー,contains,
custom handle & knob,deny,ケース,contains,
custom handle & knob,deny,ポーチ,contains,
custom handle & knob,deny,セット,contains,
custom handle & knob,deny,キット,contains,
custom handle & knob,deny,ノブ2個,contains,
custom handle & knob,deny,交換部品,contains,
custom handle & knob,deny,補修部品,contains,
custom handle & knob,deny,リール本体,contains,

eyeshadow,allow,アイシャドウ,contains,
eyeshadow,allow,アイカラー,contains,
eyeshadow,allow,アイパレット,contains,
eyeshadow,allow,アイシャドー,contains,
eyeshadow,allow,Eyeshadow,contains,
eyeshadow,allow,Eye Shadow,contains,
eyeshadow,allow,シャドウパレット,contains,
eyeshadow,allow,ベージュトーンアイシャドウ,contains,
eyeshadow,allow,ビタートーンアイシャドウ,contains,
eyeshadow,allow,ニュアンスオンアイシャドウ,contains,

eyeshadow,deny,アイブロウ,contains,
eyeshadow,deny,眉,contains,
eyeshadow,deny,マスカラ,contains,
eyeshadow,deny,アイライナー,contains,
eyeshadow,deny,リップ,contains,
eyeshadow,deny,チーク,contains,
eyeshadow,deny,ハイライト,contains,
eyeshadow,deny,フェイスパウダー,contains,
eyeshadow,deny,ファンデーション,contains,
eyeshadow,deny,コンシーラー,contains,
eyeshadow,deny,化粧下地,contains,
eyeshadow,deny,ネイル,contains,
eyeshadow,deny,ブラシ,contains,
eyeshadow,deny,チップ,contains,
eyeshadow,deny,ケース,contains,
eyeshadow,deny,フェイスアイパレット,contains,
eyeshadow,deny,頬,contains,
eyeshadow,deny,ブラッシュ,contains,

stream deck,allow,Elgato Stream Deck,contains,
stream deck,allow,エルガトストリームデック,contains,
stream deck,allow,STREAM DECK ライブコンテンツ作成コントローラー,contains,
stream deck,allow,StreamDeck ストリームデック,contains,
stream deck,allow,ストリームデック stream deck ショートカットキー,contains,
stream deck,allow,ストリームデック ライブコンテンツ作成用のコントローラー,contains,
stream deck,allow,ストリームコントローラーデック,contains,
stream deck,allow,ストリームコントローラー,contains,
stream deck,allow,Stream Controller,contains,
stream deck,allow,Stream Dock,contains,
stream deck,allow,Streaming Deck,contains,
stream deck,allow,ストリーミングデッキ,contains,
stream deck,deny,ケース,contains,
stream deck,deny,カバー,contains,
stream deck,deny,保護 フィルム,contains,
stream deck,deny,スタンド,contains,
stream deck,deny,マウントアクセサリー,contains,
stream deck,deny,USBハブ,contains,
stream deck,deny,ダイアル/つまみ,contains,
stream deck,deny,フットペダル,contains,
stream deck,deny,キャプチャーボード,contains,
stream deck,deny,ゲーミングマウス,contains,
stream deck,deny,コンデンサーマイク,contains,
stream deck,deny,メカニカルキーボード,contains,
stream deck,deny,セット,contains,

scanners,allow,ドキュメントスキャナー,contains,
scanners,allow,ドキュメントスキャナ,contains,
scanners,allow,ブックスキャナー,contains,
scanners,allow,フォトスキャナー,contains,
scanners,allow,フラットベッドスキャナー,contains,
scanners,allow,フラットベッドスキャナ,contains,
scanners,allow,シートフィードスキャナー,contains,
scanners,allow,オーバーヘッドスキャナ,contains,
scanners,allow,ハンディスキャナー,contains,
scanners,allow,モバイルスキャナー,contains,
scanners,allow,イメージスキャナー,contains,
scanners,allow,イメージスキャナ,contains,
scanners,allow,ScanSnap,contains,
scanners,allow,CanoScan,contains,
scanners,allow,imageFORMULA,contains,
scanners,allow,IRIScan Book,contains,
scanners,allow,IRIScan Desk,contains,
scanners,allow,Document scanner,contains,
scanners,allow,Photo scanner,contains,
scanners,allow,Sheetfed Scanner,contains,
scanners,allow,Duplex Scanner,contains,
scanners,deny,ケース,contains,
scanners,deny,カバー,contains,
scanners,deny,収納バッグ,contains,
scanners,deny,キャリアシート,contains,
scanners,deny,クリーニングカード,contains,
scanners,deny,ScanAid,contains,
scanners,deny,交換ローラー,contains,
scanners,deny,ピックローラー,contains,
scanners,deny,給紙ローラー,contains,
scanners,deny,分離ローラー,contains,
scanners,deny,ローラーキット,contains,
scanners,deny,紙分離パッド,contains,
scanners,deny,交換用フィーダー,contains,
scanners,deny,排紙トレイ,contains,
scanners,deny,ケーブルコード,contains,
scanners,deny,USBコードケーブル,contains,
scanners,deny,USBデータケーブル,contains,
scanners,deny,USB充電ケーブル,contains,
scanners,deny,スキャナーアクセサリーキット,contains,
scanners,deny,スキャナー スタンド,contains,
scanners,deny,ライトボックス,contains,
scanners,deny,裁断機,contains,
scanners,deny,セット,contains,
scanners,deny,プリンター,contains,
scanners,deny,複合機,contains,
scanners,deny,3Dスキャナー,contains,
scanners,deny,バーコードスキャナー,contains,
scanners,deny,車両診断,contains,
scanners,deny,指紋スキャナー,contains,
scanners,deny,RFIDスキャナー,contains,
scanners,deny,キャリブレーションコントロールシート,contains,
scanners,deny,データ同期電源充電ケーブル,contains,
scanners,deny,ペンスキャナー,contains,
scanners,deny,プレミアムライセンス(更新),contains,

watch_press_fitting_machine,allow,裏蓋閉め器,contains,
watch_press_fitting_machine,allow,裏蓋閉め機,contains,
watch_press_fitting_machine,allow,時計バックプレス,contains,
watch_press_fitting_machine,allow,ウォッチバックプレス,contains,
watch_press_fitting_machine,allow,ウォッチクリスタルプレス,contains,
watch_press_fitting_machine,allow,時計プレスツール,contains,
watch_press_fitting_machine,allow,腕時計プレスツール,contains,
watch_press_fitting_machine,allow,時計バックケースクローザー,contains,
watch_press_fitting_machine,allow,レバー式防水押入器,contains,
watch_press_fitting_machine,deny,セット,contains,
watch_press_fitting_machine,deny,キット,contains,
watch_press_fitting_machine,deny,オープナー,contains,
watch_press_fitting_machine,deny,裏蓋外し,contains,
watch_press_fitting_machine,deny,リムーバー,contains,
watch_press_fitting_machine,deny,時計ハンドプレッサー,contains,
watch_press_fitting_machine,deny,針プッシャー,contains,
watch_press_fitting_machine,deny,ゼンマイバレル,contains,
watch_press_fitting_machine,deny,交換用ダイ,contains,
watch_press_fitting_machine,deny,ダイのみ,contains,
watch_press_fitting_machine,deny,収納ケース,contains,
watch_press_fitting_machine,deny,保護カバー,contains,

barcode reader,allow,バーコードリーダ,contains,
barcode reader,allow,バーコードスキャナ,contains,
barcode reader,allow,QRコードリーダ,contains,
barcode reader,allow,QRコードスキャナ,contains,
barcode reader,allow,Barcode Reader,contains,
barcode reader,allow,Barcode Scanner,contains,
barcode reader,allow,Bar Code Reader,contains,
barcode reader,deny,セット,contains,
barcode reader,deny,キット,contains,
barcode reader,deny,パック,contains,
barcode reader,deny,スタンド,contains,
barcode reader,deny,ドック,contains,
barcode reader,deny,クレードル,contains,
barcode reader,deny,ケーブル,contains,
barcode reader,deny,ホルダー,contains,
barcode reader,deny,ブラケット,contains,
barcode reader,deny,ケース,contains,
barcode reader,deny,カバー,contains,
barcode reader,deny,ホルスター,contains,
barcode reader,deny,ハーネス,contains,
barcode reader,deny,交換電池,contains,
barcode reader,deny,スキャナーバッテリー,contains,
barcode reader,deny,モジュール,contains,
barcode reader,deny,スキャンエンジン,contains,
barcode reader,deny,タブレット,contains,
barcode reader,deny,モバイルコンピュータ,contains,
barcode reader,deny,モバイルターミナル,contains,
barcode reader,deny,データターミナル,contains,
barcode reader,deny,データ端末,contains,
barcode reader,deny,ハンディターミナル,contains,
barcode reader,deny,RFID,contains,
barcode reader,deny,マイクロチップ,contains,
barcode reader,deny,バーコードリーダーなし,contains,
barcode reader,deny,アクセサリー,contains,
barcode reader,deny,おままごと,contains,
barcode reader,deny,ガチャガチャ,contains,
barcode reader,deny,カプセルトイ,contains,
barcode reader,deny,バーコードリーダー 無料,contains,
barcode reader,deny,スキャナ用バッテリ,contains,
barcode reader,deny,レシーバー/ドングル,contains,
barcode reader,deny,フィンガートリガーグローブ,contains,
barcode reader,deny,頑丈なスキャナー Android,contains,

honeymaplesyrups,allow,はちみつ,contains,
honeymaplesyrups,allow,ハチミツ,contains,
honeymaplesyrups,allow,蜂蜜,contains,
honeymaplesyrups,allow,Honey,contains,
honeymaplesyrups,allow,マヌカハニー,contains,
honeymaplesyrups,allow,Manuka Honey,contains,
honeymaplesyrups,allow,カヌカハニー,contains,
honeymaplesyrups,allow,ローハニー,contains,
honeymaplesyrups,allow,ピュアハニー,contains,
honeymaplesyrups,allow,メープルシロップ,contains,
honeymaplesyrups,allow,Maple Syrup,contains,

honeymaplesyrups,deny,ハーブコーディアル,contains,
honeymaplesyrups,deny,コーディアル,contains,

optical power meter,allow,光パワーメータ,contains,
optical power meter,allow,光パワー メータ,contains,
optical power meter,allow,光学パワーメータ,contains,
optical power meter,allow,ファイバーパワーメータ,contains,
optical power meter,allow,ファイバーライトパワーメータ,contains,
optical power meter,allow,optical power meter,contains,
optical power meter,deny,セット,contains,
optical power meter,deny,キット,contains,
optical power meter,deny,パック,contains,
optical power meter,deny,OTDR,contains,
optical power meter,deny,光ファイバー識別子,contains,
optical power meter,deny,スプライサ,contains,
optical power meter,deny,クリーバー,contains,
optical power meter,deny,光源,contains,
optical power meter,deny,変換コネクタ,contains,
optical power meter,deny,変換アダプタ,contains,
optical power meter,deny,入力アダプタ,contains,
optical power meter,deny,メーター用,contains,
optical power meter,deny,RJ45,contains,
optical power meter,deny,ネットワークケーブルテスタ,contains,
optical power meter,deny,ネットワークケーブルテスト,contains,
optical power meter,deny,network cable tester,contains,
optical power meter,deny,ソーラー,contains,
optical power meter,deny,太陽光,contains,
optical power meter,deny,照度,contains,
optical power meter,deny,PARメーター,contains,
optical power meter,deny,検査とクリーニング,contains,
optical power meter,deny,オス,contains,
optical power meter,deny,メス,contains,
optical power meter,deny,力率メーター,contains,
optical power meter,deny,LANケーブルテスター,contains,