"a-link-normal href","s-image src","a-link-normal href 2","a-link-normal href 3","a-size-base-plus","a-size-base","a-icon-alt","a-link-normal href 4","a-size-base 3","a-link-normal href 5","a-link-normal href 6","a-offscreen","a-price-whole","a-size-base 5","a-offscreen 2","a-size-base 6","a-row 2","a-offscreen 3","a-offscreen 4"
"https://www.amazon.co.jp/sspa/click?ie=UTF8&spc=MTozMjIzOTQ4MTU3NDg5MDkxOjE3ODY5NjI5NDg6c3BfYXRmOjMwMDE3MTMzNjU0MTg2Mjo6MDo6&url=%2F%25E3%2582%25A2%25E3%2583%25B2%25E3%2583%258F%25E3%2582%25BF-Spoon-Free-%25E3%2581%2584%25E3%2581%25A1%25E3%2581%2594-165g%2Fdp%2FB0B5ZBTWY6%2Fref%3Dsr_1_1_sspa%3F__mk_ja_JP%3D%25E3%2582%25AB%25E3%2582%25BF%25E3%2582%25AB%25E3%2583%258A%26crid%3DVB9OJ21NIMJU%26dd%3DXezg5WjvpZlgzhUoPuoCtg%252C%252C%26dib%3DeyJ2IjoiMSJ9.ysANKtEHO-LmNym9ubssRUDud0UNVNnhP6K3fZFuhe2Cjn5tutqX3Hp73BFuvL8opSIPcUexI98abRJPB0yE9XSWqQ8VFmWXl3eL2Ri0z1-ejcqCxs5gg7G4LIFh5zqqw7MeXQto-u5PKGtDbQWNiDSxx5qxcahAYxYojTyxt1P6xRYsezpAJ5DrUBZWkgZ6LqDc2a4RYch6EKz486I7NRqssRmCNJcJRw3446y5Aki3LvsSIDDIL5KELFID3NXD8xVqk9g16nWDYbO-kPgxKg._O09D-RQheAw9knIRW1wTh4SI1SQVfNKlsPiybAaRCE%26dib_tag%3Dse%26keywords%3DAohata%2BSpoon%2BFree%2BStrawberry%2BJam%2B165g%25E3%2580%2590Direct%2Bfrom%2BJapan%25E3%2580%2591%26qid%3D1786962948%26refinements%3Dp_90%253A3428068051%26rnid%3D3428066051%26sprefix%3D%252Caps%252C658%26sr%3D8-1-spons%26sp_csd%3Dd2lkZ2V0TmFtZT1zcF9hdGY%26psc%3D1","https://m.media-amazon.com/images/I/61sCHXQZ4FL._AC_UL320_.jpg","https://www.amazon.co.jp/s?k=Aohata+Spoon+Free+Strawberry+Jam+165g%E3%80%90Direct+from+Japan%E3%80%91&rh=p_90%3A3428068051&dc&__mk_ja_JP=%E3%82%AB%E3%82%BF%E3%82%AB%E3%83%8A&crid=VB9OJ21NIMJU&qid=1786962930&rnid=3428066051&sprefix=%2Caps%2C658&ref=sr_nr_p_90_2&ds=v1%3ACYsdCk9aOfIOlClejb6xLmziQfQoeROydC42Pgfpihw#","https://www.amazon.co.jp/sspa/click?ie=UTF8&spc=MTozMjIzOTQ4MTU3NDg5MDkxOjE3ODY5NjI5NDg6c3BfYXRmOjMwMDE3MTMzNjU0MTg2Mjo6MDo6&url=%2F%25E3%2582%25A2%25E3%2583%25B2%25E3%2583%258F%25E3%2582%25BF-Spoon-Free-%25E3%2581%2584%25E3%2581%25A1%25E3%2581%2594-165g%2Fdp%2FB0B5ZBTWY6%2Fref%3Dsr_1_1_sspa%3F__mk_ja_JP%3D%25E3%2582%25AB%25E3%2582%25BF%25E3%2582%25AB%25E3%2583%258A%26crid%3DVB9OJ21NIMJU%26dd%3DXezg5WjvpZlgzhUoPuoCtg%252C%252C%26dib%3DeyJ2IjoiMSJ9.ysANKtEHO-LmNym9ubssRUDud0UNVNnhP6K3fZFuhe2Cjn5tutqX3Hp73BFuvL8opSIPcUexI98abRJPB0yE9XSWqQ8VFmWXl3eL2Ri0z1-ejcqCxs5gg7G4LIFh5zqqw7MeXQto-u5PKGtDbQWNiDSxx5qxcahAYxYojTyxt1P6xRYsezpAJ5DrUBZWkgZ6LqDc2a4RYch6EKz486I7NRqssRmCNJcJRw3446y5Aki3LvsSIDDIL5KELFID3NXD8xVqk9g16nWDYbO-kPgxKg._O09D-RQheAw9knIRW1wTh4SI1SQVfNKlsPiybAaRCE%26dib_tag%3Dse%26keywords%3DAohata%2BSpoon%2BFree%2BStrawberry%2BJam%2B165g%25E3%2580%2590Direct%2Bfrom%2BJapan%25E3%2580%2591%26qid%3D1786962948%26refinements%3Dp_90%253A3428068051%26rnid%3D3428066051%26sprefix%3D%252Caps%252C658%26sr%3D8-1-spons%26sp_csd%3Dd2lkZ2V0TmFtZT1zcF9hdGY%26psc%3D1","アヲハタ Spoon Free いちご 165g","スプーン不要、低カロリー","5つ星のうち4.2","https://www.amazon.co.jp/sspa/click?ie=UTF8&spc=MTozMjIzOTQ4MTU3NDg5MDkxOjE3ODY5NjI5NDg6c3BfYXRmOjMwMDE3MTMzNjU0MTg2Mjo6MDo6&url=%2F%25E3%2582%25A2%25E3%2583%25B2%25E3%2583%258F%25E3%2582%25BF-Spoon-Free-%25E3%2581%2584%25E3%2581%25A1%25E3%2581%2594-165g%2Fdp%2FB0B5ZBTWY6%2Fref%3Dsr_1_1_sspa%3F__mk_ja_JP%3D%25E3%2582%25AB%25E3%2582%25BF%25E3%2582%25AB%25E3%2583%258A%26crid%3DVB9OJ21NIMJU%26dd%3DXezg5WjvpZlgzhUoPuoCtg%252C%252C%26dib%3DeyJ2IjoiMSJ9.ysANKtEHO-LmNym9ubssRUDud0UNVNnhP6K3fZFuhe2Cjn5tutqX3Hp73BFuvL8opSIPcUexI98abRJPB0yE9XSWqQ8VFmWXl3eL2Ri0z1-ejcqCxs5gg7G4LIFh5zqqw7MeXQto-u5PKGtDbQWNiDSxx5qxcahAYxYojTyxt1P6xRYsezpAJ5DrUBZWkgZ6LqDc2a4RYch6EKz486I7NRqssRmCNJcJRw3446y5Aki3LvsSIDDIL5KELFID3NXD8xVqk9g16nWDYbO-kPgxKg._O09D-RQheAw9knIRW1wTh4SI1SQVfNKlsPiybAaRCE%26dib_tag%3Dse%26keywords%3DAohata%2BSpoon%2BFree%2BStrawberry%2BJam%2B165g%25E3%2580%2590Direct%2Bfrom%2BJapan%25E3%2580%2591%26qid%3D1786962948%26refinements%3Dp_90%253A3428068051%26rnid%3D3428066051%26sprefix%3D%252Caps%252C658%26sr%3D8-1-spons%26sp_csd%3Dd2lkZ2V0TmFtZT1zcF9hdGY%26psc%3D1#customerReviews","ベストセラー3位","https://www.amazon.co.jp/gp/bestsellers/food-beverage/2428760051/ref=top_seller_insight_3","https://www.amazon.co.jp/sspa/click?ie=UTF8&spc=MTozMjIzOTQ4MTU3NDg5MDkxOjE3ODY5NjI5NDg6c3BfYXRmOjMwMDE3MTMzNjU0MTg2Mjo6MDo6&url=%2F%25E3%2582%25A2%25E3%2583%25B2%25E3%2583%258F%25E3%2582%25BF-Spoon-Free-%25E3%2581%2584%25E3%2581%25A1%25E3%2581%2594-165g%2Fdp%2FB0B5ZBTWY6%2Fref%3Dsr_1_1_sspa%3F__mk_ja_JP%3D%25E3%2582%25AB%25E3%2582%25BF%25E3%2582%25AB%25E3%2583%258A%26crid%3DVB9OJ21NIMJU%26dd%3DXezg5WjvpZlgzhUoPuoCtg%252C%252C%26dib%3DeyJ2IjoiMSJ9.ysANKtEHO-LmNym9ubssRUDud0UNVNnhP6K3fZFuhe2Cjn5tutqX3Hp73BFuvL8opSIPcUexI98abRJPB0yE9XSWqQ8VFmWXl3eL2Ri0z1-ejcqCxs5gg7G4LIFh5zqqw7MeXQto-u5PKGtDbQWNiDSxx5qxcahAYxYojTyxt1P6xRYsezpAJ5DrUBZWkgZ6LqDc2a4RYch6EKz486I7NRqssRmCNJcJRw3446y5Aki3LvsSIDDIL5KELFID3NXD8xVqk9g16nWDYbO-kPgxKg._O09D-RQheAw9knIRW1wTh4SI1SQVfNKlsPiybAaRCE%26dib_tag%3Dse%26keywords%3DAohata%2BSpoon%2BFree%2BStrawberry%2BJam%2B165g%25E3%2580%2590Direct%2Bfrom%2BJapan%25E3%2580%2591%26qid%3D1786962948%26refinements%3Dp_90%253A3428068051%26rnid%3D3428066051%26sprefix%3D%252Caps%252C658%26sr%3D8-1-spons%26sp_csd%3Dd2lkZ2V0TmFtZT1zcF9hdGY%26psc%3D1","￥323","323","(/個)","￥323","3ポイント(1%)","5点以上まとめ買いで2%ポイント還元","",""
"https://www.amazon.co.jp/%E3%82%A2%E3%83%B2%E3%83%8F%E3%82%BF-Spoon-Free-%E3%81%84%E3%81%A1%E3%81%94-165g/dp/B0B5ZBTWY6/ref=sr_1_2?__mk_ja_JP=%E3%82%AB%E3%82%BF%E3%82%AB%E3%83%8A&crid=VB9OJ21NIMJU&dd=Xezg5WjvpZlgzhUoPuoCtg%2C%2C&dib=eyJ2IjoiMSJ9.ysANKtEHO-LmNym9ubssRUDud0UNVNnhP6K3fZFuhe2Cjn5tutqX3Hp73BFuvL8opSIPcUexI98abRJPB0yE9XSWqQ8VFmWXl3eL2Ri0z1-ejcqCxs5gg7G4LIFh5zqqw7MeXQto-u5PKGtDbQWNiDSxx5qxcahAYxYojTyxt1P6xRYsezpAJ5DrUBZWkgZ6LqDc2a4RYch6EKz486I7NRqssRmCNJcJRw3446y5Aki3LvsSIDDIL5KELFID3NXD8xVqk9g16nWDYbO-kPgxKg._O09D-RQheAw9knIRW1wTh4SI1SQVfNKlsPiybAaRCE&dib_tag=se&keywords=Aohata+Spoon+Free+Strawberry+Jam+165g%E3%80%90Direct+from+Japan%E3%80%91&qid=1786962948&refinements=p_90%3A3428068051&rnid=3428066051&sprefix=%2Caps%2C658&sr=8-2","https://m.media-amazon.com/images/I/61sCHXQZ4FL._AC_UL320_.jpg","https://www.amazon.co.jp/%E3%82%A2%E3%83%B2%E3%83%8F%E3%82%BF-Spoon-Free-%E3%81%84%E3%81%A1%E3%81%94-165g/dp/B0B5ZBTWY6/ref=sr_1_2?__mk_ja_JP=%E3%82%AB%E3%82%BF%E3%82%AB%E3%83%8A&crid=VB9OJ21NIMJU&dd=Xezg5WjvpZlgzhUoPuoCtg%2C%2C&dib=eyJ2IjoiMSJ9.ysANKtEHO-LmNym9ubssRUDud0UNVNnhP6K3fZFuhe2Cjn5tutqX3Hp73BFuvL8opSIPcUexI98abRJPB0yE9XSWqQ8VFmWXl3eL2Ri0z1-ejcqCxs5gg7G4LIFh5zqqw7MeXQto-u5PKGtDbQWNiDSxx5qxcahAYxYojTyxt1P6xRYsezpAJ5DrUBZWkgZ6LqDc2a4RYch6EKz486I7NRqssRmCNJcJRw3446y5Aki3LvsSIDDIL5KELFID3NXD8xVqk9g16nWDYbO-kPgxKg._O09D-RQheAw9knIRW1wTh4SI1SQVfNKlsPiybAaRCE&dib_tag=se&keywords=Aohata+Spoon+Free+Strawberry+Jam+165g%E3%80%90Direct+from+Japan%E3%80%91&qid=1786962948&refinements=p_90%3A3428068051&rnid=3428066051&sprefix=%2Caps%2C658&sr=8-2","https://www.amazon.co.jp/%E3%82%A2%E3%83%B2%E3%83%8F%E3%82%BF-Spoon-Free-%E3%81%84%E3%81%A1%E3%81%94-165g/dp/B0B5ZBTWY6/ref=sr_1_2?__mk_ja_JP=%E3%82%AB%E3%82%BF%E3%82%AB%E3%83%8A&crid=VB9OJ21NIMJU&dd=Xezg5WjvpZlgzhUoPuoCtg%2C%2C&dib=eyJ2IjoiMSJ9.ysANKtEHO-LmNym9ubssRUDud0UNVNnhP6K3fZFuhe2Cjn5tutqX3Hp73BFuvL8opSIPcUexI98abRJPB0yE9XSWqQ8VFmWXl3eL2Ri0z1-ejcqCxs5gg7G4LIFh5zqqw7MeXQto-u5PKGtDbQWNiDSxx5qxcahAYxYojTyxt1P6xRYsezpAJ5DrUBZWkgZ6LqDc2a4RYch6EKz486I7NRqssRmCNJcJRw3446y5Aki3LvsSIDDIL5KELFID3NXD8xVqk9g16nWDYbO-kPgxKg._O09D-RQheAw9knIRW1wTh4SI1SQVfNKlsPiybAaRCE&dib_tag=se&keywords=Aohata+Spoon+Free+Strawberry+Jam+165g%E3%80%90Direct+from+Japan%E3%80%91&qid=1786962948&refinements=p_90%3A3428068051&rnid=3428066051&sprefix=%2Caps%2C658&sr=8-2#customerReviews","アヲハタ Spoon Free いちご 165g","スプーン不要、低カロリー","5つ星のうち4.2","https://www.amazon.co.jp/gp/bestsellers/food-beverage/2428760051/ref=top_seller_insight_3","ベストセラー3位","https://www.amazon.co.jp/%E3%82%A2%E3%83%B2%E3%83%8F%E3%82%BF-Spoon-Free-%E3%81%84%E3%81%A1%E3%81%94-165g/dp/B0B5ZBTWY6/ref=sr_1_2?__mk_ja_JP=%E3%82%AB%E3%82%BF%E3%82%AB%E3%83%8A&crid=VB9OJ21NIMJU&dd=Xezg5WjvpZlgzhUoPuoCtg%2C%2C&dib=eyJ2IjoiMSJ9.ysANKtEHO-LmNym9ubssRUDud0UNVNnhP6K3fZFuhe2Cjn5tutqX3Hp73BFuvL8opSIPcUexI98abRJPB0yE9XSWqQ8VFmWXl3eL2Ri0z1-ejcqCxs5gg7G4LIFh5zqqw7MeXQto-u5PKGtDbQWNiDSxx5qxcahAYxYojTyxt1P6xRYsezpAJ5DrUBZWkgZ6LqDc2a4RYch6EKz486I7NRqssRmCNJcJRw3446y5Aki3LvsSIDDIL5KELFID3NXD8xVqk9g16nWDYbO-kPgxKg._O09D-RQheAw9knIRW1wTh4SI1SQVfNKlsPiybAaRCE&dib_tag=se&keywords=Aohata+Spoon+Free+Strawberry+Jam+165g%E3%80%90Direct+from+Japan%E3%80%91&qid=1786962948&refinements=p_90%3A3428068051&rnid=3428066051&sprefix=%2Caps%2C658&sr=8-2","","￥323","323","(/個)","￥323","3ポイント(1%)","5点以上まとめ買いで2%ポイント還元","",""
"https://www.amazon.co.jp/%E3%82%A2%E3%83%B2%E3%83%8F%E3%82%BF-SPOON-FREE-%E3%82%B9%E3%83%97%E3%83%BC%E3%83%B3-165g/dp/B0CCRN453G/ref=sr_1_3?__mk_ja_JP=%E3%82%AB%E3%82%BF%E3%82%AB%E3%83%8A&crid=VB9OJ21NIMJU&dd=Xezg5WjvpZlgzhUoPuoCtg%2C%2C&dib=eyJ2IjoiMSJ9.ysANKtEHO-LmNym9ubssRUDud0UNVNnhP6K3fZFuhe2Cjn5tutqX3Hp73BFuvL8opSIPcUexI98abRJPB0yE9XSWqQ8VFmWXl3eL2Ri0z1-ejcqCxs5gg7G4LIFh5zqqw7MeXQto-u5PKGtDbQWNiDSxx5qxcahAYxYojTyxt1P6xRYsezpAJ5DrUBZWkgZ6LqDc2a4RYch6EKz486I7NRqssRmCNJcJRw3446y5Aki3LvsSIDDIL5KELFID3NXD8xVqk9g16nWDYbO-kPgxKg._O09D-RQheAw9knIRW1wTh4SI1SQVfNKlsPiybAaRCE&dib_tag=se&keywords=Aohata+Spoon+Free+Strawberry+Jam+165g%E3%80%90Direct+from+Japan%E3%80%91&qid=1786962948&refinements=p_90%3A3428068051&rnid=3428066051&sprefix=%2Caps%2C658&sr=8-3","https://m.media-amazon.com/images/I/61Z77jqRzML._AC_UL320_.jpg","https://www.amazon.co.jp/%E3%82%A2%E3%83%B2%E3%83%8F%E3%82%BF-SPOON-FREE-%E3%82%B9%E3%83%97%E3%83%BC%E3%83%B3-165g/dp/B0CCRN453G/ref=sr_1_3?__mk_ja_JP=%E3%82%AB%E3%82%BF%E3%82%AB%E3%83%8A&crid=VB9OJ21NIMJU&dd=Xezg5WjvpZlgzhUoPuoCtg%2C%2C&dib=eyJ2IjoiMSJ9.ysANKtEHO-LmNym9ubssRUDud0UNVNnhP6K3fZFuhe2Cjn5tutqX3Hp73BFuvL8opSIPcUexI98abRJPB0yE9XSWqQ8VFmWXl3eL2Ri0z1-ejcqCxs5gg7G4LIFh5zqqw7MeXQto-u5PKGtDbQWNiDSxx5qxcahAYxYojTyxt1P6xRYsezpAJ5DrUBZWkgZ6LqDc2a4RYch6EKz486I7NRqssRmCNJcJRw3446y5Aki3LvsSIDDIL5KELFID3NXD8xVqk9g16nWDYbO-kPgxKg._O09D-RQheAw9knIRW1wTh4SI1SQVfNKlsPiybAaRCE&dib_tag=se&keywords=Aohata+Spoon+Free+Strawberry+Jam+165g%E3%80%90Direct+from+Japan%E3%80%91&qid=1786962948&refinements=p_90%3A3428068051&rnid=3428066051&sprefix=%2Caps%2C658&sr=8-3","https://www.amazon.co.jp/%E3%82%A2%E3%83%B2%E3%83%8F%E3%82%BF-SPOON-FREE-%E3%82%B9%E3%83%97%E3%83%BC%E3%83%B3-165g/dp/B0CCRN453G/ref=sr_1_3?__mk_ja_JP=%E3%82%AB%E3%82%BF%E3%82%AB%E3%83%8A&crid=VB9OJ21NIMJU&dd=Xezg5WjvpZlgzhUoPuoCtg%2C%2C&dib=eyJ2IjoiMSJ9.ysANKtEHO-LmNym9ubssRUDud0UNVNnhP6K3fZFuhe2Cjn5tutqX3Hp73BFuvL8opSIPcUexI98abRJPB0yE9XSWqQ8VFmWXl3eL2Ri0z1-ejcqCxs5gg7G4LIFh5zqqw7MeXQto-u5PKGtDbQWNiDSxx5qxcahAYxYojTyxt1P6xRYsezpAJ5DrUBZWkgZ6LqDc2a4RYch6EKz486I7NRqssRmCNJcJRw3446y5Aki3LvsSIDDIL5KELFID3NXD8xVqk9g16nWDYbO-kPgxKg._O09D-RQheAw9knIRW1wTh4SI1SQVfNKlsPiybAaRCE&dib_tag=se&keywords=Aohata+Spoon+Free+Strawberry+Jam+165g%E3%80%90Direct+from+Japan%E3%80%91&qid=1786962948&refinements=p_90%3A3428068051&rnid=3428066051&sprefix=%2Caps%2C658&sr=8-3#customerReviews","アヲハタ SPOON FREE りんご スプーン フリー ジャム 165g","過去1か月で100点以上購入されました","5つ星のうち4.2","https://www.amazon.co.jp/%E3%82%A2%E3%83%B2%E3%83%8F%E3%82%BF-SPOON-FREE-%E3%82%B9%E3%83%97%E3%83%BC%E3%83%B3-165g/dp/B0CCRN453G/ref=sr_1_3?__mk_ja_JP=%E3%82%AB%E3%82%BF%E3%82%AB%E3%83%8A&crid=VB9OJ21NIMJU&dd=Xezg5WjvpZlgzhUoPuoCtg%2C%2C&dib=eyJ2IjoiMSJ9.ysANKtEHO-LmNym9ubssRUDud0UNVNnhP6K3fZFuhe2Cjn5tutqX3Hp73BFuvL8opSIPcUexI98abRJPB0yE9XSWqQ8VFmWXl3eL2Ri0z1-ejcqCxs5gg7G4LIFh5zqqw7MeXQto-u5PKGtDbQWNiDSxx5qxcahAYxYojTyxt1P6xRYsezpAJ5DrUBZWkgZ6LqDc2a4RYch6EKz486I7NRqssRmCNJcJRw3446y5Aki3LvsSIDDIL5KELFID3NXD8xVqk9g16nWDYbO-kPgxKg._O09D-RQheAw9knIRW1wTh4SI1SQVfNKlsPiybAaRCE&dib_tag=se&keywords=Aohata+Spoon+Free+Strawberry+Jam+165g%E3%80%90Direct+from+Japan%E3%80%91&qid=1786962948&refinements=p_90%3A3428068051&rnid=3428066051&sprefix=%2Caps%2C658&sr=8-3","参考:","","","￥309","309","","￥309","","","参考: ￥365","￥365"
"https://www.amazon.co.jp/Andante-%E3%81%84%E3%81%A1%E3%81%94%E3%82%B8%E3%83%A3%E3%83%A0-%E7%A0%82%E7%B3%96%E4%B8%8D%E4%BD%BF%E7%94%A8-%EF%BC%88%E4%BF%9D%E5%AD%98%E6%96%99%EF%BC%8F%E9%A6%99%E6%96%99%EF%BC%8F%E5%A2%97%E7%B2%98%E5%89%A4-%E3%81%82%E3%81%BE%E3%81%8A%E3%81%86%E8%8B%BA%E3%81%AE%E3%82%B3%E3%83%B3%E3%83%95%E3%82%A3%E3%83%81%E3%83%A5%E3%83%BC%E3%83%AB%EF%BC%88%E3%81%82%E3%81%BE%E3%81%8A%E3%81%86%E3%82%A4%E3%83%81%E3%82%B4%EF%BC%89/dp/B0FHK37WQR/ref=sr_1_4?__mk_ja_JP=%E3%82%AB%E3%82%BF%E3%82%AB%E3%83%8A&crid=VB9OJ21NIMJU&dd=Xezg5WjvpZlgzhUoPuoCtg%2C%2C&dib=eyJ2IjoiMSJ9.ysANKtEHO-LmNym9ubssRUDud0UNVNnhP6K3fZFuhe2Cjn5tutqX3Hp73BFuvL8opSIPcUexI98abRJPB0yE9XSWqQ8VFmWXl3eL2Ri0z1-ejcqCxs5gg7G4LIFh5zqqw7MeXQto-u5PKGtDbQWNiDSxx5qxcahAYxYojTyxt1P6xRYsezpAJ5DrUBZWkgZ6LqDc2a4RYch6EKz486I7NRqssRmCNJcJRw3446y5Aki3LvsSIDDIL5KELFID3NXD8xVqk9g16nWDYbO-kPgxKg._O09D-RQheAw9knIRW1wTh4SI1SQVfNKlsPiybAaRCE&dib_tag=se&keywords=Aohata+Spoon+Free+Strawberry+Jam+165g%E3%80%90Direct+from+Japan%E3%80%91&qid=1786962948&refinements=p_90%3A3428068051&rnid=3428066051&sprefix=%2Caps%2C658&sr=8-4","https://m.media-amazon.com/images/I/51sI4BRibCL._AC_UL320_.jpg","https://www.amazon.co.jp/Andante-%E3%81%84%E3%81%A1%E3%81%94%E3%82%B8%E3%83%A3%E3%83%A0-%E7%A0%82%E7%B3%96%E4%B8%8D%E4%BD%BF%E7%94%A8-%EF%BC%88%E4%BF%9D%E5%AD%98%E6%96%99%EF%BC%8F%E9%A6%99%E6%96%99%EF%BC%8F%E5%A2%97%E7%B2%98%E5%89%A4-%E3%81%82%E3%81%BE%E3%81%8A%E3%81%86%E8%8B%BA%E3%81%AE%E3%82%B3%E3%83%B3%E3%83%95%E3%82%A3%E3%83%81%E3%83%A5%E3%83%BC%E3%83%AB%EF%BC%88%E3%81%82%E3%81%BE%E3%81%8A%E3%81%86%E3%82%A4%E3%83%81%E3%82%B4%EF%BC%89/dp/B0FHK37WQR/ref=sr_1_4?__mk_ja_JP=%E3%82%AB%E3%82%BF%E3%82%AB%E3%83%8A&crid=VB9OJ21NIMJU&dd=Xezg5WjvpZlgzhUoPuoCtg%2C%2C&dib=eyJ2IjoiMSJ9.ysANKtEHO-LmNym9ubssRUDud0UNVNnhP6K3fZFuhe2Cjn5tutqX3Hp73BFuvL8opSIPcUexI98abRJPB0yE9XSWqQ8VFmWXl3eL2Ri0z1-ejcqCxs5gg7G4LIFh5zqqw7MeXQto-u5PKGtDbQWNiDSxx5qxcahAYxYojTyxt1P6xRYsezpAJ5DrUBZWkgZ6LqDc2a4RYch6EKz486I7NRqssRmCNJcJRw3446y5Aki3LvsSIDDIL5KELFID3NXD8xVqk9g16nWDYbO-kPgxKg._O09D-RQheAw9knIRW1wTh4SI1SQVfNKlsPiybAaRCE&dib_tag=se&keywords=Aohata+Spoon+Free+Strawberry+Jam+165g%E3%80%90Direct+from+Japan%E3%80%91&qid=1786962948&refinements=p_90%3A3428068051&rnid=3428066051&sprefix=%2Caps%2C658&sr=8-4","https://www.amazon.co.jp/Andante-%E3%81%84%E3%81%A1%E3%81%94%E3%82%B8%E3%83%A3%E3%83%A0-%E7%A0%82%E7%B3%96%E4%B8%8D%E4%BD%BF%E7%94%A8-%EF%BC%88%E4%BF%9D%E5%AD%98%E6%96%99%EF%BC%8F%E9%A6%99%E6%96%99%EF%BC%8F%E5%A2%97%E7%B2%98%E5%89%A4-%E3%81%82%E3%81%BE%E3%81%8A%E3%81%86%E8%8B%BA%E3%81%AE%E3%82%B3%E3%83%B3%E3%83%95%E3%82%A3%E3%83%81%E3%83%A5%E3%83%BC%E3%83%AB%EF%BC%88%E3%81%82%E3%81%BE%E3%81%8A%E3%81%86%E3%82%A4%E3%83%81%E3%82%B4%EF%BC%89/dp/B0FHK37WQR/ref=sr_1_4?__mk_ja_JP=%E3%82%AB%E3%82%BF%E3%82%AB%E3%83%8A&crid=VB9OJ21NIMJU&dd=Xezg5WjvpZlgzhUoPuoCtg%2C%2C&dib=eyJ2IjoiMSJ9.ysANKtEHO-LmNym9ubssRUDud0UNVNnhP6K3fZFuhe2Cjn5tutqX3Hp73BFuvL8opSIPcUexI98abRJPB0yE9XSWqQ8VFmWXl3eL2Ri0z1-ejcqCxs5gg7G4LIFh5zqqw7MeXQto-u5PKGtDbQWNiDSxx5qxcahAYxYojTyxt1P6xRYsezpAJ5DrUBZWkgZ6LqDc2a4RYch6EKz486I7NRqssRmCNJcJRw3446y5Aki3LvsSIDDIL5KELFID3NXD8xVqk9g16nWDYbO-kPgxKg._O09D-RQheAw9knIRW1wTh4SI1SQVfNKlsPiybAaRCE&dib_tag=se&keywords=Aohata+Spoon+Free+Strawberry+Jam+165g%E3%80%90Direct+from+Japan%E3%80%91&qid=1786962948&refinements=p_90%3A3428068051&rnid=3428066051&sprefix=%2Caps%2C658&sr=8-4#customerReviews","Andante いちごジャム 砂糖不使用 国産 無添加 （保存料／香料／増粘剤 不使用） 110g 手作り 低糖質 あまおう苺のコンフィチュール（あまおうイチゴ）","砂糖不使用","5つ星のうち4.0","https://www.amazon.co.jp/Andante-%E3%81%84%E3%81%A1%E3%81%94%E3%82%B8%E3%83%A3%E3%83%A0-%E7%A0%82%E7%B3%96%E4%B8%8D%E4%BD%BF%E7%94%A8-%EF%BC%88%E4%BF%9D%E5%AD%98%E6%96%99%EF%BC%8F%E9%A6%99%E6%96%99%EF%BC%8F%E5%A2%97%E7%B2%98%E5%89%A4-%E3%81%82%E3%81%BE%E3%81%8A%E3%81%86%E8%8B%BA%E3%81%AE%E3%82%B3%E3%83%B3%E3%83%95%E3%82%A3%E3%83%81%E3%83%A5%E3%83%BC%E3%83%AB%EF%BC%88%E3%81%82%E3%81%BE%E3%81%8A%E3%81%86%E3%82%A4%E3%83%81%E3%82%B4%EF%BC%89/dp/B0FHK37WQR/ref=sr_1_4?__mk_ja_JP=%E3%82%AB%E3%82%BF%E3%82%AB%E3%83%8A&crid=VB9OJ21NIMJU&dd=Xezg5WjvpZlgzhUoPuoCtg%2C%2C&dib=eyJ2IjoiMSJ9.ysANKtEHO-LmNym9ubssRUDud0UNVNnhP6K3fZFuhe2Cjn5tutqX3Hp73BFuvL8opSIPcUexI98abRJPB0yE9XSWqQ8VFmWXl3eL2Ri0z1-ejcqCxs5gg7G4LIFh5zqqw7MeXQto-u5PKGtDbQWNiDSxx5qxcahAYxYojTyxt1P6xRYsezpAJ5DrUBZWkgZ6LqDc2a4RYch6EKz486I7NRqssRmCNJcJRw3446y5Aki3LvsSIDDIL5KELFID3NXD8xVqk9g16nWDYbO-kPgxKg._O09D-RQheAw9knIRW1wTh4SI1SQVfNKlsPiybAaRCE&dib_tag=se&keywords=Aohata+Spoon+Free+Strawberry+Jam+165g%E3%80%90Direct+from+Japan%E3%80%91&qid=1786962948&refinements=p_90%3A3428068051&rnid=3428066051&sprefix=%2Caps%2C658&sr=8-4","(/個)","","","￥1,480","1,480","","￥1,480","","","",""
"https://www.amazon.co.jp/%E3%82%A2%E3%83%B2%E3%83%8F%E3%82%BF-Spoon-Free-%E3%81%84%E3%81%A1%E3%81%94-165g%C3%973%E5%80%8B/dp/B0B74GRNBC/ref=sr_1_5?__mk_ja_JP=%E3%82%AB%E3%82%BF%E3%82%AB%E3%83%8A&crid=VB9OJ21NIMJU&dd=Xezg5WjvpZlgzhUoPuoCtg%2C%2C&dib=eyJ2IjoiMSJ9.ysANKtEHO-LmNym9ubssRUDud0UNVNnhP6K3fZFuhe2Cjn5tutqX3Hp73BFuvL8opSIPcUexI98abRJPB0yE9XSWqQ8VFmWXl3eL2Ri0z1-ejcqCxs5gg7G4LIFh5zqqw7MeXQto-u5PKGtDbQWNiDSxx5qxcahAYxYojTyxt1P6xRYsezpAJ5DrUBZWkgZ6LqDc2a4RYch6EKz486I7NRqssRmCNJcJRw3446y5Aki3LvsSIDDIL5KELFID3NXD8xVqk9g16nWDYbO-kPgxKg._O09D-RQheAw9knIRW1wTh4SI1SQVfNKlsPiybAaRCE&dib_tag=se&keywords=Aohata+Spoon+Free+Strawberry+Jam+165g%E3%80%90Direct+from+Japan%E3%80%91&qid=1786962948&refinements=p_90%3A3428068051&rnid=3428066051&sprefix=%2Caps%2C658&sr=8-5","https://m.media-amazon.com/images/I/61sCHXQZ4FL._AC_UL320_.jpg","https://www.amazon.co.jp/%E3%82%A2%E3%83%B2%E3%83%8F%E3%82%BF-Spoon-Free-%E3%81%84%E3%81%A1%E3%81%94-165g%C3%973%E5%80%8B/dp/B0B74GRNBC/ref=sr_1_5?__mk_ja_JP=%E3%82%AB%E3%82%BF%E3%82%AB%E3%83%8A&crid=VB9OJ21NIMJU&dd=Xezg5WjvpZlgzhUoPuoCtg%2C%2C&dib=eyJ2IjoiMSJ9.ysANKtEHO-LmNym9ubssRUDud0UNVNnhP6K3fZFuhe2Cjn5tutqX3Hp73BFuvL8opSIPcUexI98abRJPB0yE9XSWqQ8VFmWXl3eL2Ri0z1-ejcqCxs5gg7G4LIFh5zqqw7MeXQto-u5PKGtDbQWNiDSxx5qxcahAYxYojTyxt1P6xRYsezpAJ5DrUBZWkgZ6LqDc2a4RYch6EKz486I7NRqssRmCNJcJRw3446y5Aki3LvsSIDDIL5KELFID3NXD8xVqk9g16nWDYbO-kPgxKg._O09D-RQheAw9knIRW1wTh4SI1SQVfNKlsPiybAaRCE&dib_tag=se&keywords=Aohata+Spoon+Free+Strawberry+Jam+165g%E3%80%90Direct+from+Japan%E3%80%91&qid=1786962948&refinements=p_90%3A3428068051&rnid=3428066051&sprefix=%2Caps%2C658&sr=8-5","https://www.amazon.co.jp/%E3%82%A2%E3%83%B2%E3%83%8F%E3%82%BF-Spoon-Free-%E3%81%84%E3%81%A1%E3%81%94-165g%C3%973%E5%80%8B/dp/B0B74GRNBC/ref=sr_1_5?__mk_ja_JP=%E3%82%AB%E3%82%BF%E3%82%AB%E3%83%8A&crid=VB9OJ21NIMJU&dd=Xezg5WjvpZlgzhUoPuoCtg%2C%2C&dib=eyJ2IjoiMSJ9.ysANKtEHO-LmNym9ubssRUDud0UNVNnhP6K3fZFuhe2Cjn5tutqX3Hp73BFuvL8opSIPcUexI98abRJPB0yE9XSWqQ8VFmWXl3eL2Ri0z1-ejcqCxs5gg7G4LIFh5zqqw7MeXQto-u5PKGtDbQWNiDSxx5qxcahAYxYojTyxt1P6xRYsezpAJ5DrUBZWkgZ6LqDc2a4RYch6EKz486I7NRqssRmCNJcJRw3446y5Aki3LvsSIDDIL5KELFID3NXD8xVqk9g16nWDYbO-kPgxKg._O09D-RQheAw9knIRW1wTh4SI1SQVfNKlsPiybAaRCE&dib_tag=se&keywords=Aohata+Spoon+Free+Strawberry+Jam+165g%E3%80%90Direct+from+Japan%E3%80%91&qid=1786962948&refinements=p_90%3A3428068051&rnid=3428066051&sprefix=%2Caps%2C658&sr=8-5#customerReviews","アヲハタ Spoon Free いちご 165g×3個 ジャム 片手で簡単","スプーン不要、低カロリー","5つ星のうち4.0","https://www.amazon.co.jp/%E3%82%A2%E3%83%B2%E3%83%8F%E3%82%BF-Spoon-Free-%E3%81%84%E3%81%A1%E3%81%94-165g%C3%973%E5%80%8B/dp/B0B74GRNBC/ref=sr_1_5?__mk_ja_JP=%E3%82%AB%E3%82%BF%E3%82%AB%E3%83%8A&crid=VB9OJ21NIMJU&dd=Xezg5WjvpZlgzhUoPuoCtg%2C%2C&dib=eyJ2IjoiMSJ9.ysANKtEHO-LmNym9ubssRUDud0UNVNnhP6K3fZFuhe2Cjn5tutqX3Hp73BFuvL8opSIPcUexI98abRJPB0yE9XSWqQ8VFmWXl3eL2Ri0z1-ejcqCxs5gg7G4LIFh5zqqw7MeXQto-u5PKGtDbQWNiDSxx5qxcahAYxYojTyxt1P6xRYsezpAJ5DrUBZWkgZ6LqDc2a4RYch6EKz486I7NRqssRmCNJcJRw3446y5Aki3LvsSIDDIL5KELFID3NXD8xVqk9g16nWDYbO-kPgxKg._O09D-RQheAw9knIRW1wTh4SI1SQVfNKlsPiybAaRCE&dib_tag=se&keywords=Aohata+Spoon+Free+Strawberry+Jam+165g%E3%80%90Direct+from+Japan%E3%80%91&qid=1786962948&refinements=p_90%3A3428068051&rnid=3428066051&sprefix=%2Caps%2C658&sr=8-5","(/g)","","","￥994","994","","￥2","","5点以上まとめ買いで2%ポイント還元","",""
"https://www.amazon.co.jp/%E3%82%A2%E3%83%B2%E3%83%8F%E3%82%BF-Spoon-Free-%E3%83%96%E3%83%AB%E3%83%BC%E3%83%99%E3%83%AA%E3%83%BC-165g/dp/B0CY2BYZFV/ref=sr_1_6?__mk_ja_JP=%E3%82%AB%E3%82%BF%E3%82%AB%E3%83%8A&crid=VB9OJ21NIMJU&dd=Xezg5WjvpZlgzhUoPuoCtg%2C%2C&dib=eyJ2IjoiMSJ9.ysANKtEHO-LmNym9ubssRUDud0UNVNnhP6K3fZFuhe2Cjn5tutqX3Hp73BFuvL8opSIPcUexI98abRJPB0yE9XSWqQ8VFmWXl3eL2Ri0z1-ejcqCxs5gg7G4LIFh5zqqw7MeXQto-u5PKGtDbQWNiDSxx5qxcahAYxYojTyxt1P6xRYsezpAJ5DrUBZWkgZ6LqDc2a4RYch6EKz486I7NRqssRmCNJcJRw3446y5Aki3LvsSIDDIL5KELFID3NXD8xVqk9g16nWDYbO-kPgxKg._O09D-RQheAw9knIRW1wTh4SI1SQVfNKlsPiybAaRCE&dib_tag=se&keywords=Aohata+Spoon+Free+Strawberry+Jam+165g%E3%80%90Direct+from+Japan%E3%80%91&qid=1786962948&refinements=p_90%3A3428068051&rnid=3428066051&sprefix=%2Caps%2C658&sr=8-6","https://m.media-amazon.com/images/I/61J4TCh--HL._AC_UL320_.jpg","https://www.amazon.co.jp/%E3%82%A2%E3%83%B2%E3%83%8F%E3%82%BF-Spoon-Free-%E3%83%96%E3%83%AB%E3%83%BC%E3%83%99%E3%83%AA%E3%83%BC-165g/dp/B0CY2BYZFV/ref=sr_1_6?__mk_ja_JP=%E3%82%AB%E3%82%BF%E3%82%AB%E3%83%8A&crid=VB9OJ21NIMJU&dd=Xezg5WjvpZlgzhUoPuoCtg%2C%2C&dib=eyJ2IjoiMSJ9.ysANKtEHO-LmNym9ubssRUDud0UNVNnhP6K3fZFuhe2Cjn5tutqX3Hp73BFuvL8opSIPcUexI98abRJPB0yE9XSWqQ8VFmWXl3eL2Ri0z1-ejcqCxs5gg7G4LIFh5zqqw7MeXQto-u5PKGtDbQWNiDSxx5qxcahAYxYojTyxt1P6xRYsezpAJ5DrUBZWkgZ6LqDc2a4RYch6EKz486I7NRqssRmCNJcJRw3446y5Aki3LvsSIDDIL5KELFID3NXD8xVqk9g16nWDYbO-kPgxKg._O09D-RQheAw9knIRW1wTh4SI1SQVfNKlsPiybAaRCE&dib_tag=se&keywords=Aohata+Spoon+Free+Strawberry+Jam+165g%E3%80%90Direct+from+Japan%E3%80%91&qid=1786962948&refinements=p_90%3A3428068051&rnid=3428066051&sprefix=%2Caps%2C658&sr=8-6","https://www.amazon.co.jp/%E3%82%A2%E3%83%B2%E3%83%8F%E3%82%BF-Spoon-Free-%E3%83%96%E3%83%AB%E3%83%BC%E3%83%99%E3%83%AA%E3%83%BC-165g/dp/B0CY2BYZFV/ref=sr_1_6?__mk_ja_JP=%E3%82%AB%E3%82%BF%E3%82%AB%E3%83%8A&crid=VB9OJ21NIMJU&dd=Xezg5WjvpZlgzhUoPuoCtg%2C%2C&dib=eyJ2IjoiMSJ9.ysANKtEHO-LmNym9ubssRUDud0UNVNnhP6K3fZFuhe2Cjn5tutqX3Hp73BFuvL8opSIPcUexI98abRJPB0yE9XSWqQ8VFmWXl3eL2Ri0z1-ejcqCxs5gg7G4LIFh5zqqw7MeXQto-u5PKGtDbQWNiDSxx5qxcahAYxYojTyxt1P6xRYsezpAJ5DrUBZWkgZ6LqDc2a4RYch6EKz486I7NRqssRmCNJcJRw3446y5Aki3LvsSIDDIL5KELFID3NXD8xVqk9g16nWDYbO-kPgxKg._O09D-RQheAw9knIRW1wTh4SI1SQVfNKlsPiybAaRCE&dib_tag=se&keywords=Aohata+Spoon+Free+Strawberry+Jam+165g%E3%80%90Direct+from+Japan%E3%80%91&qid=1786962948&refinements=p_90%3A3428068051&rnid=3428066051&sprefix=%2Caps%2C658&sr=8-6#customerReviews","アヲハタ Spoon Free ブルーベリー 165g ×4個 スプーン フリー","(/個)","5つ星のうち4.0","https://www.amazon.co.jp/%E3%82%A2%E3%83%B2%E3%83%8F%E3%82%BF-Spoon-Free-%E3%83%96%E3%83%AB%E3%83%BC%E3%83%99%E3%83%AA%E3%83%BC-165g/dp/B0CY2BYZFV/ref=sr_1_6?__mk_ja_JP=%E3%82%AB%E3%82%BF%E3%82%AB%E3%83%8A&crid=VB9OJ21NIMJU&dd=Xezg5WjvpZlgzhUoPuoCtg%2C%2C&dib=eyJ2IjoiMSJ9.ysANKtEHO-LmNym9ubssRUDud0UNVNnhP6K3fZFuhe2Cjn5tutqX3Hp73BFuvL8opSIPcUexI98abRJPB0yE9XSWqQ8VFmWXl3eL2Ri0z1-ejcqCxs5gg7G4LIFh5zqqw7MeXQto-u5PKGtDbQWNiDSxx5qxcahAYxYojTyxt1P6xRYsezpAJ5DrUBZWkgZ6LqDc2a4RYch6EKz486I7NRqssRmCNJcJRw3446y5Aki3LvsSIDDIL5KELFID3NXD8xVqk9g16nWDYbO-kPgxKg._O09D-RQheAw9knIRW1wTh4SI1SQVfNKlsPiybAaRCE&dib_tag=se&keywords=Aohata+Spoon+Free+Strawberry+Jam+165g%E3%80%90Direct+from+Japan%E3%80%91&qid=1786962948&refinements=p_90%3A3428068051&rnid=3428066051&sprefix=%2Caps%2C658&sr=8-6","","","","￥1,345","1,345","","￥336","","","",""
"https://www.amazon.co.jp/%E3%83%9C%E3%83%B3%E3%83%8C%E3%83%9E%E3%83%9E-%E3%83%9C%E3%83%B3%E3%83%8C%E3%83%9E%E3%83%9E%E3%83%B3-%E3%82%B9%E3%83%88%E3%83%AD%E3%83%99%E3%83%AA%E3%83%BC%E3%82%B8%E3%83%A3%E3%83%A0-225g/dp/B01J12EMWY/ref=sr_1_7?__mk_ja_JP=%E3%82%AB%E3%82%BF%E3%82%AB%E3%83%8A&crid=VB9OJ21NIMJU&dd=Xezg5WjvpZlgzhUoPuoCtg%2C%2C&dib=eyJ2IjoiMSJ9.ysANKtEHO-LmNym9ubssRUDud0UNVNnhP6K3fZFuhe2Cjn5tutqX3Hp73BFuvL8opSIPcUexI98abRJPB0yE9XSWqQ8VFmWXl3eL2Ri0z1-ejcqCxs5gg7G4LIFh5zqqw7MeXQto-u5PKGtDbQWNiDSxx5qxcahAYxYojTyxt1P6xRYsezpAJ5DrUBZWkgZ6LqDc2a4RYch6EKz486I7NRqssRmCNJcJRw3446y5Aki3LvsSIDDIL5KELFID3NXD8xVqk9g16nWDYbO-kPgxKg._O09D-RQheAw9knIRW1wTh4SI1SQVfNKlsPiybAaRCE&dib_tag=se&keywords=Aohata+Spoon+Free+Strawberry+Jam+165g%E3%80%90Direct+from+Japan%E3%80%91&qid=1786962948&refinements=p_90%3A3428068051&rnid=3428066051&sprefix=%2Caps%2C658&sr=8-7","https://m.media-amazon.com/images/I/81sRYRBihxL._AC_UL320_.jpg","https://www.amazon.co.jp/%E3%83%9C%E3%83%B3%E3%83%8C%E3%83%9E%E3%83%9E-%E3%83%9C%E3%83%B3%E3%83%8C%E3%83%9E%E3%83%9E%E3%83%B3-%E3%82%B9%E3%83%88%E3%83%AD%E3%83%99%E3%83%AA%E3%83%BC%E3%82%B8%E3%83%A3%E3%83%A0-225g/dp/B01J12EMWY/ref=sr_1_7?__mk_ja_JP=%E3%82%AB%E3%82%BF%E3%82%AB%E3%83%8A&crid=VB9OJ21NIMJU&dd=Xezg5WjvpZlgzhUoPuoCtg%2C%2C&dib=eyJ2IjoiMSJ9.ysANKtEHO-LmNym9ubssRUDud0UNVNnhP6K3fZFuhe2Cjn5tutqX3Hp73BFuvL8opSIPcUexI98abRJPB0yE9XSWqQ8VFmWXl3eL2Ri0z1-ejcqCxs5gg7G4LIFh5zqqw7MeXQto-u5PKGtDbQWNiDSxx5qxcahAYxYojTyxt1P6xRYsezpAJ5DrUBZWkgZ6LqDc2a4RYch6EKz486I7NRqssRmCNJcJRw3446y5Aki3LvsSIDDIL5KELFID3NXD8xVqk9g16nWDYbO-kPgxKg._O09D-RQheAw9knIRW1wTh4SI1SQVfNKlsPiybAaRCE&dib_tag=se&keywords=Aohata+Spoon+Free+Strawberry+Jam+165g%E3%80%90Direct+from+Japan%E3%80%91&qid=1786962948&refinements=p_90%3A3428068051&rnid=3428066051&sprefix=%2Caps%2C658&sr=8-7","https://www.amazon.co.jp/%E3%83%9C%E3%83%B3%E3%83%8C%E3%83%9E%E3%83%9E-%E3%83%9C%E3%83%B3%E3%83%8C%E3%83%9E%E3%83%9E%E3%83%B3-%E3%82%B9%E3%83%88%E3%83%AD%E3%83%99%E3%83%AA%E3%83%BC%E3%82%B8%E3%83%A3%E3%83%A0-225g/dp/B01J12EMWY/ref=sr_1_7?__mk_ja_JP=%E3%82%AB%E3%82%BF%E3%82%AB%E3%83%8A&crid=VB9OJ21NIMJU&dd=Xezg5WjvpZlgzhUoPuoCtg%2C%2C&dib=eyJ2IjoiMSJ9.ysANKtEHO-LmNym9ubssRUDud0UNVNnhP6K3fZFuhe2Cjn5tutqX3Hp73BFuvL8opSIPcUexI98abRJPB0yE9XSWqQ8VFmWXl3eL2Ri0z1-ejcqCxs5gg7G4LIFh5zqqw7MeXQto-u5PKGtDbQWNiDSxx5qxcahAYxYojTyxt1P6xRYsezpAJ5DrUBZWkgZ6LqDc2a4RYch6EKz486I7NRqssRmCNJcJRw3446y5Aki3LvsSIDDIL5KELFID3NXD8xVqk9g16nWDYbO-kPgxKg._O09D-RQheAw9knIRW1wTh4SI1SQVfNKlsPiybAaRCE&dib_tag=se&keywords=Aohata+Spoon+Free+Strawberry+Jam+165g%E3%80%90Direct+from+Japan%E3%80%91&qid=1786962948&refinements=p_90%3A3428068051&rnid=3428066051&sprefix=%2Caps%2C658&sr=8-7#customerReviews","ボンヌママン ストロベリージャム 225g","フランス伝統、手作り","5つ星のうち4.4","https://www.amazon.co.jp/%E3%83%9C%E3%83%B3%E3%83%8C%E3%83%9E%E3%83%9E-%E3%83%9C%E3%83%B3%E3%83%8C%E3%83%9E%E3%83%9E%E3%83%B3-%E3%82%B9%E3%83%88%E3%83%AD%E3%83%99%E3%83%AA%E3%83%BC%E3%82%B8%E3%83%A3%E3%83%A0-225g/dp/B01J12EMWY/ref=sr_1_7?__mk_ja_JP=%E3%82%AB%E3%82%BF%E3%82%AB%E3%83%8A&crid=VB9OJ21NIMJU&dd=Xezg5WjvpZlgzhUoPuoCtg%2C%2C&dib=eyJ2IjoiMSJ9.ysANKtEHO-LmNym9ubssRUDud0UNVNnhP6K3fZFuhe2Cjn5tutqX3Hp73BFuvL8opSIPcUexI98abRJPB0yE9XSWqQ8VFmWXl3eL2Ri0z1-ejcqCxs5gg7G4LIFh5zqqw7MeXQto-u5PKGtDbQWNiDSxx5qxcahAYxYojTyxt1P6xRYsezpAJ5DrUBZWkgZ6LqDc2a4RYch6EKz486I7NRqssRmCNJcJRw3446y5Aki3LvsSIDDIL5KELFID3NXD8xVqk9g16nWDYbO-kPgxKg._O09D-RQheAw9knIRW1wTh4SI1SQVfNKlsPiybAaRCE&dib_tag=se&keywords=Aohata+Spoon+Free+Strawberry+Jam+165g%E3%80%90Direct+from+Japan%E3%80%91&qid=1786962948&refinements=p_90%3A3428068051&rnid=3428066051&sprefix=%2Caps%2C658&sr=8-7","(/g)","","","￥486","486","5ポイント(1%)","￥2","","5点以上まとめ買いで2%ポイント還元","参考: ￥535","￥535"
"https://www.amazon.co.jp/%E6%98%8E%E6%B2%BB%E5%B1%8B-%E6%97%A5%E6%9C%AC%E3%81%AE%E3%82%81%E3%81%90%E3%81%BF-%E7%A6%8F%E5%B2%A1%E8%82%B2%E3%81%A1-%E3%81%82%E3%81%BE%E3%81%8A%E3%81%86%E3%81%84%E3%81%A1%E3%81%94%E3%82%B8%E3%83%A3%E3%83%A0-150g%C3%972%E5%80%8B/dp/B0140QWTD0/ref=sr_1_8?__mk_ja_JP=%E3%82%AB%E3%82%BF%E3%82%AB%E3%83%8A&crid=VB9OJ21NIMJU&dd=Xezg5WjvpZlgzhUoPuoCtg%2C%2C&dib=eyJ2IjoiMSJ9.ysANKtEHO-LmNym9ubssRUDud0UNVNnhP6K3fZFuhe2Cjn5tutqX3Hp73BFuvL8opSIPcUexI98abRJPB0yE9XSWqQ8VFmWXl3eL2Ri0z1-ejcqCxs5gg7G4LIFh5zqqw7MeXQto-u5PKGtDbQWNiDSxx5qxcahAYxYojTyxt1P6xRYsezpAJ5DrUBZWkgZ6LqDc2a4RYch6EKz486I7NRqssRmCNJcJRw3446y5Aki3LvsSIDDIL5KELFID3NXD8xVqk9g16nWDYbO-kPgxKg._O09D-RQheAw9knIRW1wTh4SI1SQVfNKlsPiybAaRCE&dib_tag=se&keywords=Aohata+Spoon+Free+Strawberry+Jam+165g%E3%80%90Direct+from+Japan%E3%80%91&qid=1786962948&refinements=p_90%3A3428068051&rnid=3428066051&sprefix=%2Caps%2C658&sr=8-8","https://m.media-amazon.com/images/I/71p22u72OQL._AC_UL320_.jpg","https://www.amazon.co.jp/%E6%98%8E%E6%B2%BB%E5%B1%8B-%E6%97%A5%E6%9C%AC%E3%81%AE%E3%82%81%E3%81%90%E3%81%BF-%E7%A6%8F%E5%B2%A1%E8%82%B2%E3%81%A1-%E3%81%82%E3%81%BE%E3%81%8A%E3%81%86%E3%81%84%E3%81%A1%E3%81%94%E3%82%B8%E3%83%A3%E3%83%A0-150g%C3%972%E5%80%8B/dp/B0140QWTD0/ref=sr_1_8?__mk_ja_JP=%E3%82%AB%E3%82%BF%E3%82%AB%E3%83%8A&crid=VB9OJ21NIMJU&dd=Xezg5WjvpZlgzhUoPuoCtg%2C%2C&dib=eyJ2IjoiMSJ9.ysANKtEHO-LmNym9ubssRUDud0UNVNnhP6K3fZFuhe2Cjn5tutqX3Hp73BFuvL8opSIPcUexI98abRJPB0yE9XSWqQ8VFmWXl3eL2Ri0z1-ejcqCxs5gg7G4LIFh5zqqw7MeXQto-u5PKGtDbQWNiDSxx5qxcahAYxYojTyxt1P6xRYsezpAJ5DrUBZWkgZ6LqDc2a4RYch6EKz486I7NRqssRmCNJcJRw3446y5Aki3LvsSIDDIL5KELFID3NXD8xVqk9g16nWDYbO-kPgxKg._O09D-RQheAw9knIRW1wTh4SI1SQVfNKlsPiybAaRCE&dib_tag=se&keywords=Aohata+Spoon+Free+Strawberry+Jam+165g%E3%80%90Direct+from+Japan%E3%80%91&qid=1786962948&refinements=p_90%3A3428068051&rnid=3428066051&sprefix=%2Caps%2C658&sr=8-8","https://www.amazon.co.jp/%E6%98%8E%E6%B2%BB%E5%B1%8B-%E6%97%A5%E6%9C%AC%E3%81%AE%E3%82%81%E3%81%90%E3%81%BF-%E7%A6%8F%E5%B2%A1%E8%82%B2%E3%81%A1-%E3%81%82%E3%81%BE%E3%81%8A%E3%81%86%E3%81%84%E3%81%A1%E3%81%94%E3%82%B8%E3%83%A3%E3%83%A0-150g%C3%972%E5%80%8B/dp/B0140QWTD0/ref=sr_1_8?__mk_ja_JP=%E3%82%AB%E3%82%BF%E3%82%AB%E3%83%8A&crid=VB9OJ21NIMJU&dd=Xezg5WjvpZlgzhUoPuoCtg%2C%2C&dib=eyJ2IjoiMSJ9.ysANKtEHO-LmNym9ubssRUDud0UNVNnhP6K3fZFuhe2Cjn5tutqX3Hp73BFuvL8opSIPcUexI98abRJPB0yE9XSWqQ8VFmWXl3eL2Ri0z1-ejcqCxs5gg7G4LIFh5zqqw7MeXQto-u5PKGtDbQWNiDSxx5qxcahAYxYojTyxt1P6xRYsezpAJ5DrUBZWkgZ6LqDc2a4RYch6EKz486I7NRqssRmCNJcJRw3446y5Aki3LvsSIDDIL5KELFID3NXD8xVqk9g16nWDYbO-kPgxKg._O09D-RQheAw9knIRW1wTh4SI1SQVfNKlsPiybAaRCE&dib_tag=se&keywords=Aohata+Spoon+Free+Strawberry+Jam+165g%E3%80%90Direct+from+Japan%E3%80%91&qid=1786962948&refinements=p_90%3A3428068051&rnid=3428066051&sprefix=%2Caps%2C658&sr=8-8#customerReviews","明治屋 日本のめぐみ 福岡育ち あまおういちごジャム 150g×2個","(/g)","5つ星のうち4.1","https://www.amazon.co.jp/%E6%98%8E%E6%B2%BB%E5%B1%8B-%E6%97%A5%E6%9C%AC%E3%81%AE%E3%82%81%E3%81%90%E3%81%BF-%E7%A6%8F%E5%B2%A1%E8%82%B2%E3%81%A1-%E3%81%82%E3%81%BE%E3%81%8A%E3%81%86%E3%81%84%E3%81%A1%E3%81%94%E3%82%B8%E3%83%A3%E3%83%A0-150g%C3%972%E5%80%8B/dp/B0140QWTD0/ref=sr_1_8?__mk_ja_JP=%E3%82%AB%E3%82%BF%E3%82%AB%E3%83%8A&crid=VB9OJ21NIMJU&dd=Xezg5WjvpZlgzhUoPuoCtg%2C%2C&dib=eyJ2IjoiMSJ9.ysANKtEHO-LmNym9ubssRUDud0UNVNnhP6K3fZFuhe2Cjn5tutqX3Hp73BFuvL8opSIPcUexI98abRJPB0yE9XSWqQ8VFmWXl3eL2Ri0z1-ejcqCxs5gg7G4LIFh5zqqw7MeXQto-u5PKGtDbQWNiDSxx5qxcahAYxYojTyxt1P6xRYsezpAJ5DrUBZWkgZ6LqDc2a4RYch6EKz486I7NRqssRmCNJcJRw3446y5Aki3LvsSIDDIL5KELFID3NXD8xVqk9g16nWDYbO-kPgxKg._O09D-RQheAw9knIRW1wTh4SI1SQVfNKlsPiybAaRCE&dib_tag=se&keywords=Aohata+Spoon+Free+Strawberry+Jam+165g%E3%80%90Direct+from+Japan%E3%80%91&qid=1786962948&refinements=p_90%3A3428068051&rnid=3428066051&sprefix=%2Caps%2C658&sr=8-8","","","","￥822","822","","￥3","","5点以上まとめ買いで2%ポイント還元","",""
"https://www.amazon.co.jp/%E3%82%A2%E3%83%B2%E3%83%8F%E3%82%BF-%E3%82%A4%E3%83%81%E3%82%B4-13%EF%BD%87%C3%974-%C3%976%E5%80%8B-%E3%82%B8%E3%83%A3%E3%83%A0/dp/B0DTHDYSB8/ref=sr_1_9?__mk_ja_JP=%E3%82%AB%E3%82%BF%E3%82%AB%E3%83%8A&crid=VB9OJ21NIMJU&dd=Xezg5WjvpZlgzhUoPuoCtg%2C%2C&dib=eyJ2IjoiMSJ9.ysANKtEHO-LmNym9ubssRUDud0UNVNnhP6K3fZFuhe2Cjn5tutqX3Hp73BFuvL8opSIPcUexI98abRJPB0yE9XSWqQ8VFmWXl3eL2Ri0z1-ejcqCxs5gg7G4LIFh5zqqw7MeXQto-u5PKGtDbQWNiDSxx5qxcahAYxYojTyxt1P6xRYsezpAJ5DrUBZWkgZ6LqDc2a4RYch6EKz486I7NRqssRmCNJcJRw3446y5Aki3LvsSIDDIL5KELFID3NXD8xVqk9g16nWDYbO-kPgxKg._O09D-RQheAw9knIRW1wTh4SI1SQVfNKlsPiybAaRCE&dib_tag=se&keywords=Aohata+Spoon+Free+Strawberry+Jam+165g%E3%80%90Direct+from+Japan%E3%80%91&qid=1786962948&refinements=p_90%3A3428068051&rnid=3428066051&sprefix=%2Caps%2C658&sr=8-9","https://m.media-amazon.com/images/I/717+itfycqL._AC_UL320_.jpg","https://www.amazon.co.jp/%E3%82%A2%E3%83%B2%E3%83%8F%E3%82%BF-%E3%82%A4%E3%83%81%E3%82%B4-13%EF%BD%87%C3%974-%C3%976%E5%80%8B-%E3%82%B8%E3%83%A3%E3%83%A0/dp/B0DTHDYSB8/ref=sr_1_9?__mk_ja_JP=%E3%82%AB%E3%82%BF%E3%82%AB%E3%83%8A&crid=VB9OJ21NIMJU&dd=Xezg5WjvpZlgzhUoPuoCtg%2C%2C&dib=eyJ2IjoiMSJ9.ysANKtEHO-LmNym9ubssRUDud0UNVNnhP6K3fZFuhe2Cjn5tutqX3Hp73BFuvL8opSIPcUexI98abRJPB0yE9XSWqQ8VFmWXl3eL2Ri0z1-ejcqCxs5gg7G4LIFh5zqqw7MeXQto-u5PKGtDbQWNiDSxx5qxcahAYxYojTyxt1P6xRYsezpAJ5DrUBZWkgZ6LqDc2a4RYch6EKz486I7NRqssRmCNJcJRw3446y5Aki3LvsSIDDIL5KELFID3NXD8xVqk9g16nWDYbO-kPgxKg._O09D-RQheAw9knIRW1wTh4SI1SQVfNKlsPiybAaRCE&dib_tag=se&keywords=Aohata+Spoon+Free+Strawberry+Jam+165g%E3%80%90Direct+from+Japan%E3%80%91&qid=1786962948&refinements=p_90%3A3428068051&rnid=3428066051&sprefix=%2Caps%2C658&sr=8-9","https://www.amazon.co.jp/%E3%82%A2%E3%83%B2%E3%83%8F%E3%82%BF-%E3%82%A4%E3%83%81%E3%82%B4-13%EF%BD%87%C3%974-%C3%976%E5%80%8B-%E3%82%B8%E3%83%A3%E3%83%A0/dp/B0DTHDYSB8/ref=sr_1_9?__mk_ja_JP=%E3%82%AB%E3%82%BF%E3%82%AB%E3%83%8A&crid=VB9OJ21NIMJU&dd=Xezg5WjvpZlgzhUoPuoCtg%2C%2C&dib=eyJ2IjoiMSJ9.ysANKtEHO-LmNym9ubssRUDud0UNVNnhP6K3fZFuhe2Cjn5tutqX3Hp73BFuvL8opSIPcUexI98abRJPB0yE9XSWqQ8VFmWXl3eL2Ri0z1-ejcqCxs5gg7G4LIFh5zqqw7MeXQto-u5PKGtDbQWNiDSxx5qxcahAYxYojTyxt1P6xRYsezpAJ5DrUBZWkgZ6LqDc2a4RYch6EKz486I7NRqssRmCNJcJRw3446y5Aki3LvsSIDDIL5KELFID3NXD8xVqk9g16nWDYbO-kPgxKg._O09D-RQheAw9knIRW1wTh4SI1SQVfNKlsPiybAaRCE&dib_tag=se&keywords=Aohata+Spoon+Free+Strawberry+Jam+165g%E3%80%90Direct+from+Japan%E3%80%91&qid=1786962948&refinements=p_90%3A3428068051&rnid=3428066051&sprefix=%2Caps%2C658&sr=8-9#customerReviews","アヲハタ ５５ イチゴ [13ｇ×4] ×6個 ジャム","輸入いちゴ、低カロリー","5つ星のうち4.6","https://www.amazon.co.jp/gp/bestsellers/food-beverage/71165051/ref=top_seller_insight_1","ベストセラー1位","https://www.amazon.co.jp/%E3%82%A2%E3%83%B2%E3%83%8F%E3%82%BF-%E3%82%A4%E3%83%81%E3%82%B4-13%EF%BD%87%C3%974-%C3%976%E5%80%8B-%E3%82%B8%E3%83%A3%E3%83%A0/dp/B0DTHDYSB8/ref=sr_1_9?__mk_ja_JP=%E3%82%AB%E3%82%BF%E3%82%AB%E3%83%8A&crid=VB9OJ21NIMJU&dd=Xezg5WjvpZlgzhUoPuoCtg%2C%2C&dib=eyJ2IjoiMSJ9.ysANKtEHO-LmNym9ubssRUDud0UNVNnhP6K3fZFuhe2Cjn5tutqX3Hp73BFuvL8opSIPcUexI98abRJPB0yE9XSWqQ8VFmWXl3eL2Ri0z1-ejcqCxs5gg7G4LIFh5zqqw7MeXQto-u5PKGtDbQWNiDSxx5qxcahAYxYojTyxt1P6xRYsezpAJ5DrUBZWkgZ6LqDc2a4RYch6EKz486I7NRqssRmCNJcJRw3446y5Aki3LvsSIDDIL5KELFID3NXD8xVqk9g16nWDYbO-kPgxKg._O09D-RQheAw9knIRW1wTh4SI1SQVfNKlsPiybAaRCE&dib_tag=se&keywords=Aohata+Spoon+Free+Strawberry+Jam+165g%E3%80%90Direct+from+Japan%E3%80%91&qid=1786962948&refinements=p_90%3A3428068051&rnid=3428066051&sprefix=%2Caps%2C658&sr=8-9","","￥1,091","1,091","(/個)","￥182","11ポイント(1%)","5点以上まとめ買いで2%ポイント還元","",""
"https://www.amazon.co.jp/%E3%80%90Amazon-co-jp-%E3%82%A2%E3%83%B2%E3%83%8F%E3%82%BF-%E3%83%96%E3%83%AB%E3%83%BC%E3%83%99%E3%83%AA%E3%83%BC-%E3%81%8A%E8%A9%A6%E3%81%97%E5%85%A8%E7%A8%AE%E3%82%BB%E3%83%83%E3%83%88-%E3%80%90%E3%82%BB%E3%83%83%E3%83%88%E8%B2%B7%E3%81%84%E3%80%91/dp/B0CGTPJP67/ref=sr_1_10?__mk_ja_JP=%E3%82%AB%E3%82%BF%E3%82%AB%E3%83%8A&crid=VB9OJ21NIMJU&dd=Xezg5WjvpZlgzhUoPuoCtg%2C%2C&dib=eyJ2IjoiMSJ9.ysANKtEHO-LmNym9ubssRUDud0UNVNnhP6K3fZFuhe2Cjn5tutqX3Hp73BFuvL8opSIPcUexI98abRJPB0yE9XSWqQ8VFmWXl3eL2Ri0z1-ejcqCxs5gg7G4LIFh5zqqw7MeXQto-u5PKGtDbQWNiDSxx5qxcahAYxYojTyxt1P6xRYsezpAJ5DrUBZWkgZ6LqDc2a4RYch6EKz486I7NRqssRmCNJcJRw3446y5Aki3LvsSIDDIL5KELFID3NXD8xVqk9g16nWDYbO-kPgxKg._O09D-RQheAw9knIRW1wTh4SI1SQVfNKlsPiybAaRCE&dib_tag=se&keywords=Aohata+Spoon+Free+Strawberry+Jam+165g%E3%80%90Direct+from+Japan%E3%80%91&qid=1786962948&refinements=p_90%3A3428068051&rnid=3428066051&sprefix=%2Caps%2C658&sr=8-10","https://m.media-amazon.com/images/I/51kMoKKTxzL._AC_UL320_.jpg","https://www.amazon.co.jp/%E3%80%90Amazon-co-jp-%E3%82%A2%E3%83%B2%E3%83%8F%E3%82%BF-%E3%83%96%E3%83%AB%E3%83%BC%E3%83%99%E3%83%AA%E3%83%BC-%E3%81%8A%E8%A9%A6%E3%81%97%E5%85%A8%E7%A8%AE%E3%82%BB%E3%83%83%E3%83%88-%E3%80%90%E3%82%BB%E3%83%83%E3%83%88%E8%B2%B7%E3%81%84%E3%80%91/dp/B0CGTPJP67/ref=sr_1_10?__mk_ja_JP=%E3%82%AB%E3%82%BF%E3%82%AB%E3%83%8A&crid=VB9OJ21NIMJU&dd=Xezg5WjvpZlgzhUoPuoCtg%2C%2C&dib=eyJ2IjoiMSJ9.ysANKtEHO-LmNym9ubssRUDud0UNVNnhP6K3fZFuhe2Cjn5tutqX3Hp73BFuvL8opSIPcUexI98abRJPB0yE9XSWqQ8VFmWXl3eL2Ri0z1-ejcqCxs5gg7G4LIFh5zqqw7MeXQto-u5PKGtDbQWNiDSxx5qxcahAYxYojTyxt1P6xRYsezpAJ5DrUBZWkgZ6LqDc2a4RYch6EKz486I7NRqssRmCNJcJRw3446y5Aki3LvsSIDDIL5KELFID3NXD8xVqk9g16nWDYbO-kPgxKg._O09D-RQheAw9knIRW1wTh4SI1SQVfNKlsPiybAaRCE&dib_tag=se&keywords=Aohata+Spoon+Free+Strawberry+Jam+165g%E3%80%90Direct+from+Japan%E3%80%91&qid=1786962948&refinements=p_90%3A3428068051&rnid=3428066051&sprefix=%2Caps%2C658&sr=8-10","https://www.amazon.co.jp/%E3%80%90Amazon-co-jp-%E3%82%A2%E3%83%B2%E3%83%8F%E3%82%BF-%E3%83%96%E3%83%AB%E3%83%BC%E3%83%99%E3%83%AA%E3%83%BC-%E3%81%8A%E8%A9%A6%E3%81%97%E5%85%A8%E7%A8%AE%E3%82%BB%E3%83%83%E3%83%88-%E3%80%90%E3%82%BB%E3%83%83%E3%83%88%E8%B2%B7%E3%81%84%E3%80%91/dp/B0CGTPJP67/ref=sr_1_10?__mk_ja_JP=%E3%82%AB%E3%82%BF%E3%82%AB%E3%83%8A&crid=VB9OJ21NIMJU&dd=Xezg5WjvpZlgzhUoPuoCtg%2C%2C&dib=eyJ2IjoiMSJ9.ysANKtEHO-LmNym9ubssRUDud0UNVNnhP6K3fZFuhe2Cjn5tutqX3Hp73BFuvL8opSIPcUexI98abRJPB0yE9XSWqQ8VFmWXl3eL2Ri0z1-ejcqCxs5gg7G4LIFh5zqqw7MeXQto-u5PKGtDbQWNiDSxx5qxcahAYxYojTyxt1P6xRYsezpAJ5DrUBZWkgZ6LqDc2a4RYch6EKz486I7NRqssRmCNJcJRw3446y5Aki3LvsSIDDIL5KELFID3NXD8xVqk9g16nWDYbO-kPgxKg._O09D-RQheAw9knIRW1wTh4SI1SQVfNKlsPiybAaRCE&dib_tag=se&keywords=Aohata+Spoon+Free+Strawberry+Jam+165g%E3%80%90Direct+from+Japan%E3%80%91&qid=1786962948&refinements=p_90%3A3428068051&rnid=3428066051&sprefix=%2Caps%2C658&sr=8-10#customerReviews","アヲハタ Spoon Free 6種セット (いちご ブルーベリー 他4種) スプーンフリー","スプーンフリー、低カロリー","5つ星のうち4.0","https://www.amazon.co.jp/%E3%80%90Amazon-co-jp-%E3%82%A2%E3%83%B2%E3%83%8F%E3%82%BF-%E3%83%96%E3%83%AB%E3%83%BC%E3%83%99%E3%83%AA%E3%83%BC-%E3%81%8A%E8%A9%A6%E3%81%97%E5%85%A8%E7%A8%AE%E3%82%BB%E3%83%83%E3%83%88-%E3%80%90%E3%82%BB%E3%83%83%E3%83%88%E8%B2%B7%E3%81%84%E3%80%91/dp/B0CGTPJP67/ref=sr_1_10?__mk_ja_JP=%E3%82%AB%E3%82%BF%E3%82%AB%E3%83%8A&crid=VB9OJ21NIMJU&dd=Xezg5WjvpZlgzhUoPuoCtg%2C%2C&dib=eyJ2IjoiMSJ9.ysANKtEHO-LmNym9ubssRUDud0UNVNnhP6K3fZFuhe2Cjn5tutqX3Hp73BFuvL8opSIPcUexI98abRJPB0yE9XSWqQ8VFmWXl3eL2Ri0z1-ejcqCxs5gg7G4LIFh5zqqw7MeXQto-u5PKGtDbQWNiDSxx5qxcahAYxYojTyxt1P6xRYsezpAJ5DrUBZWkgZ6LqDc2a4RYch6EKz486I7NRqssRmCNJcJRw3446y5Aki3LvsSIDDIL5KELFID3NXD8xVqk9g16nWDYbO-kPgxKg._O09D-RQheAw9knIRW1wTh4SI1SQVfNKlsPiybAaRCE&dib_tag=se&keywords=Aohata+Spoon+Free+Strawberry+Jam+165g%E3%80%90Direct+from+Japan%E3%80%91&qid=1786962948&refinements=p_90%3A3428068051&rnid=3428066051&sprefix=%2Caps%2C658&sr=8-10","","","","￥2,473","2,473","","￥412","","","",""
"https://www.amazon.co.jp/%E3%82%A2%E3%83%B2%E3%83%8F%E3%82%BF-SPOON-FREE-%E3%82%B9%E3%83%97%E3%83%BC%E3%83%B3-165g/dp/B0CCY772YT/ref=sr_1_11?__mk_ja_JP=%E3%82%AB%E3%82%BF%E3%82%AB%E3%83%8A&crid=VB9OJ21NIMJU&dd=Xezg5WjvpZlgzhUoPuoCtg%2C%2C&dib=eyJ2IjoiMSJ9.ysANKtEHO-LmNym9ubssRUDud0UNVNnhP6K3fZFuhe2Cjn5tutqX3Hp73BFuvL8opSIPcUexI98abRJPB0yE9XSWqQ8VFmWXl3eL2Ri0z1-ejcqCxs5gg7G4LIFh5zqqw7MeXQto-u5PKGtDbQWNiDSxx5qxcahAYxYojTyxt1P6xRYsezpAJ5DrUBZWkgZ6LqDc2a4RYch6EKz486I7NRqssRmCNJcJRw3446y5Aki3LvsSIDDIL5KELFID3NXD8xVqk9g16nWDYbO-kPgxKg._O09D-RQheAw9knIRW1wTh4SI1SQVfNKlsPiybAaRCE&dib_tag=se&keywords=Aohata+Spoon+Free+Strawberry+Jam+165g%E3%80%90Direct+from+Japan%E3%80%91&qid=1786962948&refinements=p_90%3A3428068051&rnid=3428066051&sprefix=%2Caps%2C658&sr=8-11","https://m.media-amazon.com/images/I/61wnJrb8GlL._AC_UL320_.jpg","https://www.amazon.co.jp/%E3%82%A2%E3%83%B2%E3%83%8F%E3%82%BF-SPOON-FREE-%E3%82%B9%E3%83%97%E3%83%BC%E3%83%B3-165g/dp/B0CCY772YT/ref=sr_1_11?__mk_ja_JP=%E3%82%AB%E3%82%BF%E3%82%AB%E3%83%8A&crid=VB9OJ21NIMJU&dd=Xezg5WjvpZlgzhUoPuoCtg%2C%2C&dib=eyJ2IjoiMSJ9.ysANKtEHO-LmNym9ubssRUDud0UNVNnhP6K3fZFuhe2Cjn5tutqX3Hp73BFuvL8opSIPcUexI98abRJPB0yE9XSWqQ8VFmWXl3eL2Ri0z1-ejcqCxs5gg7G4LIFh5zqqw7MeXQto-u5PKGtDbQWNiDSxx5qxcahAYxYojTyxt1P6xRYsezpAJ5DrUBZWkgZ6LqDc2a4RYch6EKz486I7NRqssRmCNJcJRw3446y5Aki3LvsSIDDIL5KELFID3NXD8xVqk9g16nWDYbO-kPgxKg._O09D-RQheAw9knIRW1wTh4SI1SQVfNKlsPiybAaRCE&dib_tag=se&keywords=Aohata+Spoon+Free+Strawberry+Jam+165g%E3%80%90Direct+from+Japan%E3%80%91&qid=1786962948&refinements=p_90%3A3428068051&rnid=3428066051&sprefix=%2Caps%2C658&sr=8-11","https://www.amazon.co.jp/%E3%82%A2%E3%83%B2%E3%83%8F%E3%82%BF-SPOON-FREE-%E3%82%B9%E3%83%97%E3%83%BC%E3%83%B3-165g/dp/B0CCY772YT/ref=sr_1_11?__mk_ja_JP=%E3%82%AB%E3%82%BF%E3%82%AB%E3%83%8A&crid=VB9OJ21NIMJU&dd=Xezg5WjvpZlgzhUoPuoCtg%2C%2C&dib=eyJ2IjoiMSJ9.ysANKtEHO-LmNym9ubssRUDud0UNVNnhP6K3fZFuhe2Cjn5tutqX3Hp73BFuvL8opSIPcUexI98abRJPB0yE9XSWqQ8VFmWXl3eL2Ri0z1-ejcqCxs5gg7G4LIFh5zqqw7MeXQto-u5PKGtDbQWNiDSxx5qxcahAYxYojTyxt1P6xRYsezpAJ5DrUBZWkgZ6LqDc2a4RYch6EKz486I7NRqssRmCNJcJRw3446y5Aki3LvsSIDDIL5KELFID3NXD8xVqk9g16nWDYbO-kPgxKg._O09D-RQheAw9knIRW1wTh4SI1SQVfNKlsPiybAaRCE&dib_tag=se&keywords=Aohata+Spoon+Free+Strawberry+Jam+165g%E3%80%90Direct+from+Japan%E3%80%91&qid=1786962948&refinements=p_90%3A3428068051&rnid=3428066051&sprefix=%2Caps%2C658&sr=8-11#customerReviews","アヲハタ SPOON FREE りんご 165g ×3個 ジャム スプーンフリー 片手で簡単","スプーンフリー、片手簡単","5つ星のうち4.0","https://www.amazon.co.jp/%E3%82%A2%E3%83%B2%E3%83%8F%E3%82%BF-SPOON-FREE-%E3%82%B9%E3%83%97%E3%83%BC%E3%83%B3-165g/dp/B0CCY772YT/ref=sr_1_11?__mk_ja_JP=%E3%82%AB%E3%82%BF%E3%82%AB%E3%83%8A&crid=VB9OJ21NIMJU&dd=Xezg5WjvpZlgzhUoPuoCtg%2C%2C&dib=eyJ2IjoiMSJ9.ysANKtEHO-LmNym9ubssRUDud0UNVNnhP6K3fZFuhe2Cjn5tutqX3Hp73BFuvL8opSIPcUexI98abRJPB0yE9XSWqQ8VFmWXl3eL2Ri0z1-ejcqCxs5gg7G4LIFh5zqqw7MeXQto-u5PKGtDbQWNiDSxx5qxcahAYxYojTyxt1P6xRYsezpAJ5DrUBZWkgZ6LqDc2a4RYch6EKz486I7NRqssRmCNJcJRw3446y5Aki3LvsSIDDIL5KELFID3NXD8xVqk9g16nWDYbO-kPgxKg._O09D-RQheAw9knIRW1wTh4SI1SQVfNKlsPiybAaRCE&dib_tag=se&keywords=Aohata+Spoon+Free+Strawberry+Jam+165g%E3%80%90Direct+from+Japan%E3%80%91&qid=1786962948&refinements=p_90%3A3428068051&rnid=3428066051&sprefix=%2Caps%2C658&sr=8-11","10ポイント(1%)","","","￥994","994","","￥331","","5点以上まとめ買いで2%ポイント還元","",""
"https://www.amazon.co.jp/%E6%98%8E%E6%B2%BB%E5%B1%8B-%E5%9B%BD%E7%94%A3%E3%81%84%E3%81%A1%E3%81%94%E3%82%B8%E3%83%A3%E3%83%A0-%E7%94%98%E9%85%B8%E3%81%A3%E3%81%B1%E3%81%84-%E7%B4%85%E3%81%BB%E3%81%A3%E3%81%BA-205g/dp/B0D8HYSBC3/ref=sr_1_12?__mk_ja_JP=%E3%82%AB%E3%82%BF%E3%82%AB%E3%83%8A&crid=VB9OJ21NIMJU&dd=Xezg5WjvpZlgzhUoPuoCtg%2C%2C&dib=eyJ2IjoiMSJ9.ysANKtEHO-LmNym9ubssRUDud0UNVNnhP6K3fZFuhe2Cjn5tutqX3Hp73BFuvL8opSIPcUexI98abRJPB0yE9XSWqQ8VFmWXl3eL2Ri0z1-ejcqCxs5gg7G4LIFh5zqqw7MeXQto-u5PKGtDbQWNiDSxx5qxcahAYxYojTyxt1P6xRYsezpAJ5DrUBZWkgZ6LqDc2a4RYch6EKz486I7NRqssRmCNJcJRw3446y5Aki3LvsSIDDIL5KELFID3NXD8xVqk9g16nWDYbO-kPgxKg._O09D-RQheAw9knIRW1wTh4SI1SQVfNKlsPiybAaRCE&dib_tag=se&keywords=Aohata+Spoon+Free+Strawberry+Jam+165g%E3%80%90Direct+from+Japan%E3%80%91&qid=1786962948&refinements=p_90%3A3428068051&rnid=3428066051&sprefix=%2Caps%2C658&sr=8-12","https://m.media-amazon.com/images/I/71H25M3NrwL._AC_UL320_.jpg","https://www.amazon.co.jp/%E6%98%8E%E6%B2%BB%E5%B1%8B-%E5%9B%BD%E7%94%A3%E3%81%84%E3%81%A1%E3%81%94%E3%82%B8%E3%83%A3%E3%83%A0-%E7%94%98%E9%85%B8%E3%81%A3%E3%81%B1%E3%81%84-%E7%B4%85%E3%81%BB%E3%81%A3%E3%81%BA-205g/dp/B0D8HYSBC3/ref=sr_1_12?__mk_ja_JP=%E3%82%AB%E3%82%BF%E3%82%AB%E3%83%8A&crid=VB9OJ21NIMJU&dd=Xezg5WjvpZlgzhUoPuoCtg%2C%2C&dib=eyJ2IjoiMSJ9.ysANKtEHO-LmNym9ubssRUDud0UNVNnhP6K3fZFuhe2Cjn5tutqX3Hp73BFuvL8opSIPcUexI98abRJPB0yE9XSWqQ8VFmWXl3eL2Ri0z1-ejcqCxs5gg7G4LIFh5zqqw7MeXQto-u5PKGtDbQWNiDSxx5qxcahAYxYojTyxt1P6xRYsezpAJ5DrUBZWkgZ6LqDc2a4RYch6EKz486I7NRqssRmCNJcJRw3446y5Aki3LvsSIDDIL5KELFID3NXD8xVqk9g16nWDYbO-kPgxKg._O09D-RQheAw9knIRW1wTh4SI1SQVfNKlsPiybAaRCE&dib_tag=se&keywords=Aohata+Spoon+Free+Strawberry+Jam+165g%E3%80%90Direct+from+Japan%E3%80%91&qid=1786962948&refinements=p_90%3A3428068051&rnid=3428066051&sprefix=%2Caps%2C658&sr=8-12","https://www.amazon.co.jp/%E6%98%8E%E6%B2%BB%E5%B1%8B-%E5%9B%BD%E7%94%A3%E3%81%84%E3%81%A1%E3%81%94%E3%82%B8%E3%83%A3%E3%83%A0-%E7%94%98%E9%85%B8%E3%81%A3%E3%81%B1%E3%81%84-%E7%B4%85%E3%81%BB%E3%81%A3%E3%81%BA-205g/dp/B0D8HYSBC3/ref=sr_1_12?__mk_ja_JP=%E3%82%AB%E3%82%BF%E3%82%AB%E3%83%8A&crid=VB9OJ21NIMJU&dd=Xezg5WjvpZlgzhUoPuoCtg%2C%2C&dib=eyJ2IjoiMSJ9.ysANKtEHO-LmNym9ubssRUDud0UNVNnhP6K3fZFuhe2Cjn5tutqX3Hp73BFuvL8opSIPcUexI98abRJPB0yE9XSWqQ8VFmWXl3eL2Ri0z1-ejcqCxs5gg7G4LIFh5zqqw7MeXQto-u5PKGtDbQWNiDSxx5qxcahAYxYojTyxt1P6xRYsezpAJ5DrUBZWkgZ6LqDc2a4RYch6EKz486I7NRqssRmCNJcJRw3446y5Aki3LvsSIDDIL5KELFID3NXD8xVqk9g16nWDYbO-kPgxKg._O09D-RQheAw9knIRW1wTh4SI1SQVfNKlsPiybAaRCE&dib_tag=se&keywords=Aohata+Spoon+Free+Strawberry+Jam+165g%E3%80%90Direct+from+Japan%E3%80%91&qid=1786962948&refinements=p_90%3A3428068051&rnid=3428066051&sprefix=%2Caps%2C658&sr=8-12#customerReviews","明治屋 国産いちごジャム 甘酸っぱい 紅ほっぺ 205g","過去1か月で50点以上購入されました","5つ星のうち4.0","https://www.amazon.co.jp/%E6%98%8E%E6%B2%BB%E5%B1%8B-%E5%9B%BD%E7%94%A3%E3%81%84%E3%81%A1%E3%81%94%E3%82%B8%E3%83%A3%E3%83%A0-%E7%94%98%E9%85%B8%E3%81%A3%E3%81%B1%E3%81%84-%E7%B4%85%E3%81%BB%E3%81%A3%E3%81%BA-205g/dp/B0D8HYSBC3/ref=sr_1_12?__mk_ja_JP=%E3%82%AB%E3%82%BF%E3%82%AB%E3%83%8A&crid=VB9OJ21NIMJU&dd=Xezg5WjvpZlgzhUoPuoCtg%2C%2C&dib=eyJ2IjoiMSJ9.ysANKtEHO-LmNym9ubssRUDud0UNVNnhP6K3fZFuhe2Cjn5tutqX3Hp73BFuvL8opSIPcUexI98abRJPB0yE9XSWqQ8VFmWXl3eL2Ri0z1-ejcqCxs5gg7G4LIFh5zqqw7MeXQto-u5PKGtDbQWNiDSxx5qxcahAYxYojTyxt1P6xRYsezpAJ5DrUBZWkgZ6LqDc2a4RYch6EKz486I7NRqssRmCNJcJRw3446y5Aki3LvsSIDDIL5KELFID3NXD8xVqk9g16nWDYbO-kPgxKg._O09D-RQheAw9knIRW1wTh4SI1SQVfNKlsPiybAaRCE&dib_tag=se&keywords=Aohata+Spoon+Free+Strawberry+Jam+165g%E3%80%90Direct+from+Japan%E3%80%91&qid=1786962948&refinements=p_90%3A3428068051&rnid=3428066051&sprefix=%2Caps%2C658&sr=8-12","参考:","","","￥473","473","","￥473","","","参考: ￥540","￥540"
"https://www.amazon.co.jp/%E3%82%A2%E3%83%B2%E3%83%8F%E3%82%BF-%E3%81%BE%E3%82%8B%E3%81%94%E3%81%A8%E6%9E%9C%E5%AE%9F-%E3%81%84%E3%81%A1%E3%81%94125g-%E3%82%AA%E3%83%BC%E3%83%AB%E3%83%95%E3%83%AB%E3%83%BC%E3%83%84-%E7%A0%82%E7%B3%96%E4%B8%8D%E4%BD%BF%E7%94%A8/dp/B0FMWJHXYN/ref=sr_1_13?__mk_ja_JP=%E3%82%AB%E3%82%BF%E3%82%AB%E3%83%8A&crid=VB9OJ21NIMJU&dd=Xezg5WjvpZlgzhUoPuoCtg%2C%2C&dib=eyJ2IjoiMSJ9.ysANKtEHO-LmNym9ubssRUDud0UNVNnhP6K3fZFuhe2Cjn5tutqX3Hp73BFuvL8opSIPcUexI98abRJPB0yE9XSWqQ8VFmWXl3eL2Ri0z1-ejcqCxs5gg7G4LIFh5zqqw7MeXQto-u5PKGtDbQWNiDSxx5qxcahAYxYojTyxt1P6xRYsezpAJ5DrUBZWkgZ6LqDc2a4RYch6EKz486I7NRqssRmCNJcJRw3446y5Aki3LvsSIDDIL5KELFID3NXD8xVqk9g16nWDYbO-kPgxKg._O09D-RQheAw9knIRW1wTh4SI1SQVfNKlsPiybAaRCE&dib_tag=se&keywords=Aohata+Spoon+Free+Strawberry+Jam+165g%E3%80%90Direct+from+Japan%E3%80%91&qid=1786962948&refinements=p_90%3A3428068051&rnid=3428066051&sprefix=%2Caps%2C658&sr=8-13","https://m.media-amazon.com/images/I/71kh7ovuKkL._AC_UL320_.jpg","https://www.amazon.co.jp/%E3%82%A2%E3%83%B2%E3%83%8F%E3%82%BF-%E3%81%BE%E3%82%8B%E3%81%94%E3%81%A8%E6%9E%9C%E5%AE%9F-%E3%81%84%E3%81%A1%E3%81%94125g-%E3%82%AA%E3%83%BC%E3%83%AB%E3%83%95%E3%83%AB%E3%83%BC%E3%83%84-%E7%A0%82%E7%B3%96%E4%B8%8D%E4%BD%BF%E7%94%A8/dp/B0FMWJHXYN/ref=sr_1_13?__mk_ja_JP=%E3%82%AB%E3%82%BF%E3%82%AB%E3%83%8A&crid=VB9OJ21NIMJU&dd=Xezg5WjvpZlgzhUoPuoCtg%2C%2C&dib=eyJ2IjoiMSJ9.ysANKtEHO-LmNym9ubssRUDud0UNVNnhP6K3fZFuhe2Cjn5tutqX3Hp73BFuvL8opSIPcUexI98abRJPB0yE9XSWqQ8VFmWXl3eL2Ri0z1-ejcqCxs5gg7G4LIFh5zqqw7MeXQto-u5PKGtDbQWNiDSxx5qxcahAYxYojTyxt1P6xRYsezpAJ5DrUBZWkgZ6LqDc2a4RYch6EKz486I7NRqssRmCNJcJRw3446y5Aki3LvsSIDDIL5KELFID3NXD8xVqk9g16nWDYbO-kPgxKg._O09D-RQheAw9knIRW1wTh4SI1SQVfNKlsPiybAaRCE&dib_tag=se&keywords=Aohata+Spoon+Free+Strawberry+Jam+165g%E3%80%90Direct+from+Japan%E3%80%91&qid=1786962948&refinements=p_90%3A3428068051&rnid=3428066051&sprefix=%2Caps%2C658&sr=8-13","https://www.amazon.co.jp/%E3%82%A2%E3%83%B2%E3%83%8F%E3%82%BF-%E3%81%BE%E3%82%8B%E3%81%94%E3%81%A8%E6%9E%9C%E5%AE%9F-%E3%81%84%E3%81%A1%E3%81%94125g-%E3%82%AA%E3%83%BC%E3%83%AB%E3%83%95%E3%83%AB%E3%83%BC%E3%83%84-%E7%A0%82%E7%B3%96%E4%B8%8D%E4%BD%BF%E7%94%A8/dp/B0FMWJHXYN/ref=sr_1_13?__mk_ja_JP=%E3%82%AB%E3%82%BF%E3%82%AB%E3%83%8A&crid=VB9OJ21NIMJU&dd=Xezg5WjvpZlgzhUoPuoCtg%2C%2C&dib=eyJ2IjoiMSJ9.ysANKtEHO-LmNym9ubssRUDud0UNVNnhP6K3fZFuhe2Cjn5tutqX3Hp73BFuvL8opSIPcUexI98abRJPB0yE9XSWqQ8VFmWXl3eL2Ri0z1-ejcqCxs5gg7G4LIFh5zqqw7MeXQto-u5PKGtDbQWNiDSxx5qxcahAYxYojTyxt1P6xRYsezpAJ5DrUBZWkgZ6LqDc2a4RYch6EKz486I7NRqssRmCNJcJRw3446y5Aki3LvsSIDDIL5KELFID3NXD8xVqk9g16nWDYbO-kPgxKg._O09D-RQheAw9knIRW1wTh4SI1SQVfNKlsPiybAaRCE&dib_tag=se&keywords=Aohata+Spoon+Free+Strawberry+Jam+165g%E3%80%90Direct+from+Japan%E3%80%91&qid=1786962948&refinements=p_90%3A3428068051&rnid=3428066051&sprefix=%2Caps%2C658&sr=8-13#customerReviews","アヲハタ まるごと果実 いちご125g ジャム オールフルーツ 砂糖不使用","過去1か月で300点以上購入されました","5つ星のうち4.4","https://www.amazon.co.jp/gp/bestsellers/food-beverage/71165051/ref=top_seller_insight_2","- スプレッド","https://www.amazon.co.jp/%E3%82%A2%E3%83%B2%E3%83%8F%E3%82%BF-%E3%81%BE%E3%82%8B%E3%81%94%E3%81%A8%E6%9E%9C%E5%AE%9F-%E3%81%84%E3%81%A1%E3%81%94125g-%E3%82%AA%E3%83%BC%E3%83%AB%E3%83%95%E3%83%AB%E3%83%BC%E3%83%84-%E7%A0%82%E7%B3%96%E4%B8%8D%E4%BD%BF%E7%94%A8/dp/B0FMWJHXYN/ref=sr_1_13?__mk_ja_JP=%E3%82%AB%E3%82%BF%E3%82%AB%E3%83%8A&crid=VB9OJ21NIMJU&dd=Xezg5WjvpZlgzhUoPuoCtg%2C%2C&dib=eyJ2IjoiMSJ9.ysANKtEHO-LmNym9ubssRUDud0UNVNnhP6K3fZFuhe2Cjn5tutqX3Hp73BFuvL8opSIPcUexI98abRJPB0yE9XSWqQ8VFmWXl3eL2Ri0z1-ejcqCxs5gg7G4LIFh5zqqw7MeXQto-u5PKGtDbQWNiDSxx5qxcahAYxYojTyxt1P6xRYsezpAJ5DrUBZWkgZ6LqDc2a4RYch6EKz486I7NRqssRmCNJcJRw3446y5Aki3LvsSIDDIL5KELFID3NXD8xVqk9g16nWDYbO-kPgxKg._O09D-RQheAw9knIRW1wTh4SI1SQVfNKlsPiybAaRCE&dib_tag=se&keywords=Aohata+Spoon+Free+Strawberry+Jam+165g%E3%80%90Direct+from+Japan%E3%80%91&qid=1786962948&refinements=p_90%3A3428068051&rnid=3428066051&sprefix=%2Caps%2C658&sr=8-13","","￥273","273","参考:","￥273","3ポイント(1%)","","参考: ￥300","￥300"
"https://www.amazon.co.jp/%E3%82%A2%E3%83%B2%E3%83%8F%E3%82%BF-SPOON-FREE-%E3%82%B9%E3%83%97%E3%83%BC%E3%83%B3-165g/dp/B0CCRMJ3G6/ref=sr_1_14_jp_f3_0o_fs?__mk_ja_JP=%E3%82%AB%E3%82%BF%E3%82%AB%E3%83%8A&crid=VB9OJ21NIMJU&dd=Xezg5WjvpZlgzhUoPuoCtg%2C%2C&dib=eyJ2IjoiMSJ9.ysANKtEHO-LmNym9ubssRUDud0UNVNnhP6K3fZFuhe2Cjn5tutqX3Hp73BFuvL8opSIPcUexI98abRJPB0yE9XSWqQ8VFmWXl3eL2Ri0z1-ejcqCxs5gg7G4LIFh5zqqw7MeXQto-u5PKGtDbQWNiDSxx5qxcahAYxYojTyxt1P6xRYsezpAJ5DrUBZWkgZ6LqDc2a4RYch6EKz486I7NRqssRmCNJcJRw3446y5Aki3LvsSIDDIL5KELFID3NXD8xVqk9g16nWDYbO-kPgxKg._O09D-RQheAw9knIRW1wTh4SI1SQVfNKlsPiybAaRCE&dib_tag=se&keywords=Aohata+Spoon+Free+Strawberry+Jam+165g%E3%80%90Direct+from+Japan%E3%80%91&qid=1786962948&refinements=p_90%3A3428068051&rnid=3428066051&sprefix=%2Caps%2C658&sr=8-14","https://m.media-amazon.com/images/I/71mdqA5fsaL._AC_UL320_.jpg","https://www.amazon.co.jp/%E3%82%A2%E3%83%B2%E3%83%8F%E3%82%BF-SPOON-FREE-%E3%82%B9%E3%83%97%E3%83%BC%E3%83%B3-165g/dp/B0CCRMJ3G6/ref=sr_1_14_jp_f3_0o_fs?__mk_ja_JP=%E3%82%AB%E3%82%BF%E3%82%AB%E3%83%8A&crid=VB9OJ21NIMJU&dd=Xezg5WjvpZlgzhUoPuoCtg%2C%2C&dib=eyJ2IjoiMSJ9.ysANKtEHO-LmNym9ubssRUDud0UNVNnhP6K3fZFuhe2Cjn5tutqX3Hp73BFuvL8opSIPcUexI98abRJPB0yE9XSWqQ8VFmWXl3eL2Ri0z1-ejcqCxs5gg7G4LIFh5zqqw7MeXQto-u5PKGtDbQWNiDSxx5qxcahAYxYojTyxt1P6xRYsezpAJ5DrUBZWkgZ6LqDc2a4RYch6EKz486I7NRqssRmCNJcJRw3446y5Aki3LvsSIDDIL5KELFID3NXD8xVqk9g16nWDYbO-kPgxKg._O09D-RQheAw9knIRW1wTh4SI1SQVfNKlsPiybAaRCE&dib_tag=se&keywords=Aohata+Spoon+Free+Strawberry+Jam+165g%E3%80%90Direct+from+Japan%E3%80%91&qid=1786962948&refinements=p_90%3A3428068051&rnid=3428066051&sprefix=%2Caps%2C658&sr=8-14","https://www.amazon.co.jp/%E3%82%A2%E3%83%B2%E3%83%8F%E3%82%BF-SPOON-FREE-%E3%82%B9%E3%83%97%E3%83%BC%E3%83%B3-165g/dp/B0CCRMJ3G6/ref=sr_1_14_jp_f3_0o_fs?__mk_ja_JP=%E3%82%AB%E3%82%BF%E3%82%AB%E3%83%8A&crid=VB9OJ21NIMJU&dd=Xezg5WjvpZlgzhUoPuoCtg%2C%2C&dib=eyJ2IjoiMSJ9.ysANKtEHO-LmNym9ubssRUDud0UNVNnhP6K3fZFuhe2Cjn5tutqX3Hp73BFuvL8opSIPcUexI98abRJPB0yE9XSWqQ8VFmWXl3eL2Ri0z1-ejcqCxs5gg7G4LIFh5zqqw7MeXQto-u5PKGtDbQWNiDSxx5qxcahAYxYojTyxt1P6xRYsezpAJ5DrUBZWkgZ6LqDc2a4RYch6EKz486I7NRqssRmCNJcJRw3446y5Aki3LvsSIDDIL5KELFID3NXD8xVqk9g16nWDYbO-kPgxKg._O09D-RQheAw9knIRW1wTh4SI1SQVfNKlsPiybAaRCE&dib_tag=se&keywords=Aohata+Spoon+Free+Strawberry+Jam+165g%E3%80%90Direct+from+Japan%E3%80%91&qid=1786962948&refinements=p_90%3A3428068051&rnid=3428066051&sprefix=%2Caps%2C658&sr=8-14#customerReviews","アヲハタ SPOON FREE ぶどう 165g ジャム スプーンフリー 片手で簡単","(/個)","5つ星のうち4.2","https://www.amazon.co.jp/%E3%82%A2%E3%83%B2%E3%83%8F%E3%82%BF-SPOON-FREE-%E3%82%B9%E3%83%97%E3%83%BC%E3%83%B3-165g/dp/B0CCRMJ3G6/ref=sr_1_14_jp_f3_0o_fs?__mk_ja_JP=%E3%82%AB%E3%82%BF%E3%82%AB%E3%83%8A&crid=VB9OJ21NIMJU&dd=Xezg5WjvpZlgzhUoPuoCtg%2C%2C&dib=eyJ2IjoiMSJ9.ysANKtEHO-LmNym9ubssRUDud0UNVNnhP6K3fZFuhe2Cjn5tutqX3Hp73BFuvL8opSIPcUexI98abRJPB0yE9XSWqQ8VFmWXl3eL2Ri0z1-ejcqCxs5gg7G4LIFh5zqqw7MeXQto-u5PKGtDbQWNiDSxx5qxcahAYxYojTyxt1P6xRYsezpAJ5DrUBZWkgZ6LqDc2a4RYch6EKz486I7NRqssRmCNJcJRw3446y5Aki3LvsSIDDIL5KELFID3NXD8xVqk9g16nWDYbO-kPgxKg._O09D-RQheAw9knIRW1wTh4SI1SQVfNKlsPiybAaRCE&dib_tag=se&keywords=Aohata+Spoon+Free+Strawberry+Jam+165g%E3%80%90Direct+from+Japan%E3%80%91&qid=1786962948&refinements=p_90%3A3428068051&rnid=3428066051&sprefix=%2Caps%2C658&sr=8-14","","https://www.amazon.co.jp/%E3%82%A2%E3%83%B2%E3%83%8F%E3%82%BF-SPOON-FREE-%E3%82%B9%E3%83%97%E3%83%BC%E3%83%B3-165g/dp/B0CCRMJ3G6/ref=sr_1_14_jp_f3_0o_fs?__mk_ja_JP=%E3%82%AB%E3%82%BF%E3%82%AB%E3%83%8A&crid=VB9OJ21NIMJU&dd=Xezg5WjvpZlgzhUoPuoCtg%2C%2C&dib=eyJ2IjoiMSJ9.ysANKtEHO-LmNym9ubssRUDud0UNVNnhP6K3fZFuhe2Cjn5tutqX3Hp73BFuvL8opSIPcUexI98abRJPB0yE9XSWqQ8VFmWXl3eL2Ri0z1-ejcqCxs5gg7G4LIFh5zqqw7MeXQto-u5PKGtDbQWNiDSxx5qxcahAYxYojTyxt1P6xRYsezpAJ5DrUBZWkgZ6LqDc2a4RYch6EKz486I7NRqssRmCNJcJRw3446y5Aki3LvsSIDDIL5KELFID3NXD8xVqk9g16nWDYbO-kPgxKg._O09D-RQheAw9knIRW1wTh4SI1SQVfNKlsPiybAaRCE&dib_tag=se&keywords=Aohata+Spoon+Free+Strawberry+Jam+165g%E3%80%90Direct+from+Japan%E3%80%91&qid=1786962948&refinements=p_90%3A3428068051&rnid=3428066051&sprefix=%2Caps%2C658&sr=8-14","","￥325","325","","￥325","","","",""
"https://www.amazon.co.jp/%E3%82%A2%E3%83%B2%E3%83%8F%E3%82%BF-Spoon-Free-%E3%82%AA%E3%83%AC%E3%83%B3%E3%82%B8-170g/dp/B0B5ZDQBSS/ref=sr_1_15_jp_f3_0o_fs?__mk_ja_JP=%E3%82%AB%E3%82%BF%E3%82%AB%E3%83%8A&crid=VB9OJ21NIMJU&dd=Xezg5WjvpZlgzhUoPuoCtg%2C%2C&dib=eyJ2IjoiMSJ9.ysANKtEHO-LmNym9ubssRUDud0UNVNnhP6K3fZFuhe2Cjn5tutqX3Hp73BFuvL8opSIPcUexI98abRJPB0yE9XSWqQ8VFmWXl3eL2Ri0z1-ejcqCxs5gg7G4LIFh5zqqw7MeXQto-u5PKGtDbQWNiDSxx5qxcahAYxYojTyxt1P6xRYsezpAJ5DrUBZWkgZ6LqDc2a4RYch6EKz486I7NRqssRmCNJcJRw3446y5Aki3LvsSIDDIL5KELFID3NXD8xVqk9g16nWDYbO-kPgxKg._O09D-RQheAw9knIRW1wTh4SI1SQVfNKlsPiybAaRCE&dib_tag=se&keywords=Aohata+Spoon+Free+Strawberry+Jam+165g%E3%80%90Direct+from+Japan%E3%80%91&qid=1786962948&refinements=p_90%3A3428068051&rnid=3428066051&sprefix=%2Caps%2C658&sr=8-15","https://m.media-amazon.com/images/I/61-TDXxckvL._AC_UL320_.jpg","https://www.amazon.co.jp/%E3%82%A2%E3%83%B2%E3%83%8F%E3%82%BF-Spoon-Free-%E3%82%AA%E3%83%AC%E3%83%B3%E3%82%B8-170g/dp/B0B5ZDQBSS/ref=sr_1_15_jp_f3_0o_fs?__mk_ja_JP=%E3%82%AB%E3%82%BF%E3%82%AB%E3%83%8A&crid=VB9OJ21NIMJU&dd=Xezg5WjvpZlgzhUoPuoCtg%2C%2C&dib=eyJ2IjoiMSJ9.ysANKtEHO-LmNym9ubssRUDud0UNVNnhP6K3fZFuhe2Cjn5tutqX3Hp73BFuvL8opSIPcUexI98abRJPB0yE9XSWqQ8VFmWXl3eL2Ri0z1-ejcqCxs5gg7G4LIFh5zqqw7MeXQto-u5PKGtDbQWNiDSxx5qxcahAYxYojTyxt1P6xRYsezpAJ5DrUBZWkgZ6LqDc2a4RYch6EKz486I7NRqssRmCNJcJRw3446y5Aki3LvsSIDDIL5KELFID3NXD8xVqk9g16nWDYbO-kPgxKg._O09D-RQheAw9knIRW1wTh4SI1SQVfNKlsPiybAaRCE&dib_tag=se&keywords=Aohata+Spoon+Free+Strawberry+Jam+165g%E3%80%90Direct+from+Japan%E3%80%91&qid=1786962948&refinements=p_90%3A3428068051&rnid=3428066051&sprefix=%2Caps%2C658&sr=8-15","https://www.amazon.co.jp/%E3%82%A2%E3%83%B2%E3%83%8F%E3%82%BF-Spoon-Free-%E3%82%AA%E3%83%AC%E3%83%B3%E3%82%B8-170g/dp/B0B5ZDQBSS/ref=sr_1_15_jp_f3_0o_fs?__mk_ja_JP=%E3%82%AB%E3%82%BF%E3%82%AB%E3%83%8A&crid=VB9OJ21NIMJU&dd=Xezg5WjvpZlgzhUoPuoCtg%2C%2C&dib=eyJ2IjoiMSJ9.ysANKtEHO-LmNym9ubssRUDud0UNVNnhP6K3fZFuhe2Cjn5tutqX3Hp73BFuvL8opSIPcUexI98abRJPB0yE9XSWqQ8VFmWXl3eL2Ri0z1-ejcqCxs5gg7G4LIFh5zqqw7MeXQto-u5PKGtDbQWNiDSxx5qxcahAYxYojTyxt1P6xRYsezpAJ5DrUBZWkgZ6LqDc2a4RYch6EKz486I7NRqssRmCNJcJRw3446y5Aki3LvsSIDDIL5KELFID3NXD8xVqk9g16nWDYbO-kPgxKg._O09D-RQheAw9knIRW1wTh4SI1SQVfNKlsPiybAaRCE&dib_tag=se&keywords=Aohata+Spoon+Free+Strawberry+Jam+165g%E3%80%90Direct+from+Japan%E3%80%91&qid=1786962948&refinements=p_90%3A3428068051&rnid=3428066051&sprefix=%2Caps%2C658&sr=8-15#customerReviews","アヲハタ Spoon Free オレンジ 170g","スプーン不要、低カロリー","5つ星のうち4.0","https://www.amazon.co.jp/%E3%82%A2%E3%83%B2%E3%83%8F%E3%82%BF-Spoon-Free-%E3%82%AA%E3%83%AC%E3%83%B3%E3%82%B8-170g/dp/B0B5ZDQBSS/ref=sr_1_15_jp_f3_0o_fs?__mk_ja_JP=%E3%82%AB%E3%82%BF%E3%82%AB%E3%83%8A&crid=VB9OJ21NIMJU&dd=Xezg5WjvpZlgzhUoPuoCtg%2C%2C&dib=eyJ2IjoiMSJ9.ysANKtEHO-LmNym9ubssRUDud0UNVNnhP6K3fZFuhe2Cjn5tutqX3Hp73BFuvL8opSIPcUexI98abRJPB0yE9XSWqQ8VFmWXl3eL2Ri0z1-ejcqCxs5gg7G4LIFh5zqqw7MeXQto-u5PKGtDbQWNiDSxx5qxcahAYxYojTyxt1P6xRYsezpAJ5DrUBZWkgZ6LqDc2a4RYch6EKz486I7NRqssRmCNJcJRw3446y5Aki3LvsSIDDIL5KELFID3NXD8xVqk9g16nWDYbO-kPgxKg._O09D-RQheAw9knIRW1wTh4SI1SQVfNKlsPiybAaRCE&dib_tag=se&keywords=Aohata+Spoon+Free+Strawberry+Jam+165g%E3%80%90Direct+from+Japan%E3%80%91&qid=1786962948&refinements=p_90%3A3428068051&rnid=3428066051&sprefix=%2Caps%2C658&sr=8-15","3ポイント(1%)","https://www.amazon.co.jp/%E3%82%A2%E3%83%B2%E3%83%8F%E3%82%BF-Spoon-Free-%E3%82%AA%E3%83%AC%E3%83%B3%E3%82%B8-170g/dp/B0B5ZDQBSS/ref=sr_1_15_jp_f3_0o_fs?__mk_ja_JP=%E3%82%AB%E3%82%BF%E3%82%AB%E3%83%8A&crid=VB9OJ21NIMJU&dd=Xezg5WjvpZlgzhUoPuoCtg%2C%2C&dib=eyJ2IjoiMSJ9.ysANKtEHO-LmNym9ubssRUDud0UNVNnhP6K3fZFuhe2Cjn5tutqX3Hp73BFuvL8opSIPcUexI98abRJPB0yE9XSWqQ8VFmWXl3eL2Ri0z1-ejcqCxs5gg7G4LIFh5zqqw7MeXQto-u5PKGtDbQWNiDSxx5qxcahAYxYojTyxt1P6xRYsezpAJ5DrUBZWkgZ6LqDc2a4RYch6EKz486I7NRqssRmCNJcJRw3446y5Aki3LvsSIDDIL5KELFID3NXD8xVqk9g16nWDYbO-kPgxKg._O09D-RQheAw9knIRW1wTh4SI1SQVfNKlsPiybAaRCE&dib_tag=se&keywords=Aohata+Spoon+Free+Strawberry+Jam+165g%E3%80%90Direct+from+Japan%E3%80%91&qid=1786962948&refinements=p_90%3A3428068051&rnid=3428066051&sprefix=%2Caps%2C658&sr=8-15","","￥325","325","","￥325","","","",""
"https://www.amazon.co.jp/%E3%82%A2%E3%83%B2%E3%83%8F%E3%82%BF-SPOON-FREE-%E3%83%88%E3%83%AD%E3%83%94%E3%82%AB%E3%83%AB-170g/dp/B0BSN9N6LG/ref=sr_1_16?__mk_ja_JP=%E3%82%AB%E3%82%BF%E3%82%AB%E3%83%8A&crid=VB9OJ21NIMJU&dd=Xezg5WjvpZlgzhUoPuoCtg%2C%2C&dib=eyJ2IjoiMSJ9.ysANKtEHO-LmNym9ubssRUDud0UNVNnhP6K3fZFuhe2Cjn5tutqX3Hp73BFuvL8opSIPcUexI98abRJPB0yE9XSWqQ8VFmWXl3eL2Ri0z1-ejcqCxs5gg7G4LIFh5zqqw7MeXQto-u5PKGtDbQWNiDSxx5qxcahAYxYojTyxt1P6xRYsezpAJ5DrUBZWkgZ6LqDc2a4RYch6EKz486I7NRqssRmCNJcJRw3446y5Aki3LvsSIDDIL5KELFID3NXD8xVqk9g16nWDYbO-kPgxKg._O09D-RQheAw9knIRW1wTh4SI1SQVfNKlsPiybAaRCE&dib_tag=se&keywords=Aohata+Spoon+Free+Strawberry+Jam+165g%E3%80%90Direct+from+Japan%E3%80%91&qid=1786962948&refinements=p_90%3A3428068051&rnid=3428066051&sprefix=%2Caps%2C658&sr=8-16","https://m.media-amazon.com/images/I/61M1fZsbQ0L._AC_UL320_.jpg","https://www.amazon.co.jp/%E3%82%A2%E3%83%B2%E3%83%8F%E3%82%BF-SPOON-FREE-%E3%83%88%E3%83%AD%E3%83%94%E3%82%AB%E3%83%AB-170g/dp/B0BSN9N6LG/ref=sr_1_16?__mk_ja_JP=%E3%82%AB%E3%82%BF%E3%82%AB%E3%83%8A&crid=VB9OJ21NIMJU&dd=Xezg5WjvpZlgzhUoPuoCtg%2C%2C&dib=eyJ2IjoiMSJ9.ysANKtEHO-LmNym9ubssRUDud0UNVNnhP6K3fZFuhe2Cjn5tutqX3Hp73BFuvL8opSIPcUexI98abRJPB0yE9XSWqQ8VFmWXl3eL2Ri0z1-ejcqCxs5gg7G4LIFh5zqqw7MeXQto-u5PKGtDbQWNiDSxx5qxcahAYxYojTyxt1P6xRYsezpAJ5DrUBZWkgZ6LqDc2a4RYch6EKz486I7NRqssRmCNJcJRw3446y5Aki3LvsSIDDIL5KELFID3NXD8xVqk9g16nWDYbO-kPgxKg._O09D-RQheAw9knIRW1wTh4SI1SQVfNKlsPiybAaRCE&dib_tag=se&keywords=Aohata+Spoon+Free+Strawberry+Jam+165g%E3%80%90Direct+from+Japan%E3%80%91&qid=1786962948&refinements=p_90%3A3428068051&rnid=3428066051&sprefix=%2Caps%2C658&sr=8-16","https://www.amazon.co.jp/%E3%82%A2%E3%83%B2%E3%83%8F%E3%82%BF-SPOON-FREE-%E3%83%88%E3%83%AD%E3%83%94%E3%82%AB%E3%83%AB-170g/dp/B0BSN9N6LG/ref=sr_1_16?__mk_ja_JP=%E3%82%AB%E3%82%BF%E3%82%AB%E3%83%8A&crid=VB9OJ21NIMJU&dd=Xezg5WjvpZlgzhUoPuoCtg%2C%2C&dib=eyJ2IjoiMSJ9.ysANKtEHO-LmNym9ubssRUDud0UNVNnhP6K3fZFuhe2Cjn5tutqX3Hp73BFuvL8opSIPcUexI98abRJPB0yE9XSWqQ8VFmWXl3eL2Ri0z1-ejcqCxs5gg7G4LIFh5zqqw7MeXQto-u5PKGtDbQWNiDSxx5qxcahAYxYojTyxt1P6xRYsezpAJ5DrUBZWkgZ6LqDc2a4RYch6EKz486I7NRqssRmCNJcJRw3446y5Aki3LvsSIDDIL5KELFID3NXD8xVqk9g16nWDYbO-kPgxKg._O09D-RQheAw9knIRW1wTh4SI1SQVfNKlsPiybAaRCE&dib_tag=se&keywords=Aohata+Spoon+Free+Strawberry+Jam+165g%E3%80%90Direct+from+Japan%E3%80%91&qid=1786962948&refinements=p_90%3A3428068051&rnid=3428066051&sprefix=%2Caps%2C658&sr=8-16#customerReviews","アヲハタ SPOON FREE トロピカル 170g ×4個 ジャム スプーンフリー 片手で簡単","スプーンフリー、片手簡単","5つ星のうち4.0","https://www.amazon.co.jp/%E3%82%A2%E3%83%B2%E3%83%8F%E3%82%BF-SPOON-FREE-%E3%83%88%E3%83%AD%E3%83%94%E3%82%AB%E3%83%AB-170g/dp/B0BSN9N6LG/ref=sr_1_16?__mk_ja_JP=%E3%82%AB%E3%82%BF%E3%82%AB%E3%83%8A&crid=VB9OJ21NIMJU&dd=Xezg5WjvpZlgzhUoPuoCtg%2C%2C&dib=eyJ2IjoiMSJ9.ysANKtEHO-LmNym9ubssRUDud0UNVNnhP6K3fZFuhe2Cjn5tutqX3Hp73BFuvL8opSIPcUexI98abRJPB0yE9XSWqQ8VFmWXl3eL2Ri0z1-ejcqCxs5gg7G4LIFh5zqqw7MeXQto-u5PKGtDbQWNiDSxx5qxcahAYxYojTyxt1P6xRYsezpAJ5DrUBZWkgZ6LqDc2a4RYch6EKz486I7NRqssRmCNJcJRw3446y5Aki3LvsSIDDIL5KELFID3NXD8xVqk9g16nWDYbO-kPgxKg._O09D-RQheAw9knIRW1wTh4SI1SQVfNKlsPiybAaRCE&dib_tag=se&keywords=Aohata+Spoon+Free+Strawberry+Jam+165g%E3%80%90Direct+from+Japan%E3%80%91&qid=1786962948&refinements=p_90%3A3428068051&rnid=3428066051&sprefix=%2Caps%2C658&sr=8-16","13ポイント(1%)","","","￥1,325","1,325","","￥331","","5点以上まとめ買いで2%ポイント還元","",""
"https://www.amazon.co.jp/%E3%82%A2%E3%83%B2%E3%83%8F%E3%82%BF-%E3%83%A9%E3%83%B3%E3%83%97-%E3%81%84%E3%81%A1%E3%81%94%E3%82%B8%E3%83%A3%E3%83%A0%EF%BC%93%EF%BC%98%EF%BC%90%EF%BD%87/dp/B0D91SLGXB/ref=sr_1_17?__mk_ja_JP=%E3%82%AB%E3%82%BF%E3%82%AB%E3%83%8A&crid=VB9OJ21NIMJU&dd=Xezg5WjvpZlgzhUoPuoCtg%2C%2C&dib=eyJ2IjoiMSJ9.ysANKtEHO-LmNym9ubssRUDud0UNVNnhP6K3fZFuhe2Cjn5tutqX3Hp73BFuvL8opSIPcUexI98abRJPB0yE9XSWqQ8VFmWXl3eL2Ri0z1-ejcqCxs5gg7G4LIFh5zqqw7MeXQto-u5PKGtDbQWNiDSxx5qxcahAYxYojTyxt1P6xRYsezpAJ5DrUBZWkgZ6LqDc2a4RYch6EKz486I7NRqssRmCNJcJRw3446y5Aki3LvsSIDDIL5KELFID3NXD8xVqk9g16nWDYbO-kPgxKg._O09D-RQheAw9knIRW1wTh4SI1SQVfNKlsPiybAaRCE&dib_tag=se&keywords=Aohata+Spoon+Free+Strawberry+Jam+165g%E3%80%90Direct+from+Japan%E3%80%91&qid=1786962948&refinements=p_90%3A3428068051&rnid=3428066051&sprefix=%2Caps%2C658&sr=8-17","https://m.media-amazon.com/images/I/71kE3H2KnwL._AC_UL320_.jpg","https://www.amazon.co.jp/%E3%82%A2%E3%83%B2%E3%83%8F%E3%82%BF-%E3%83%A9%E3%83%B3%E3%83%97-%E3%81%84%E3%81%A1%E3%81%94%E3%82%B8%E3%83%A3%E3%83%A0%EF%BC%93%EF%BC%98%EF%BC%90%EF%BD%87/dp/B0D91SLGXB/ref=sr_1_17?__mk_ja_JP=%E3%82%AB%E3%82%BF%E3%82%AB%E3%83%8A&crid=VB9OJ21NIMJU&dd=Xezg5WjvpZlgzhUoPuoCtg%2C%2C&dib=eyJ2IjoiMSJ9.ysANKtEHO-LmNym9ubssRUDud0UNVNnhP6K3fZFuhe2Cjn5tutqX3Hp73BFuvL8opSIPcUexI98abRJPB0yE9XSWqQ8VFmWXl3eL2Ri0z1-ejcqCxs5gg7G4LIFh5zqqw7MeXQto-u5PKGtDbQWNiDSxx5qxcahAYxYojTyxt1P6xRYsezpAJ5DrUBZWkgZ6LqDc2a4RYch6EKz486I7NRqssRmCNJcJRw3446y5Aki3LvsSIDDIL5KELFID3NXD8xVqk9g16nWDYbO-kPgxKg._O09D-RQheAw9knIRW1wTh4SI1SQVfNKlsPiybAaRCE&dib_tag=se&keywords=Aohata+Spoon+Free+Strawberry+Jam+165g%E3%80%90Direct+from+Japan%E3%80%91&qid=1786962948&refinements=p_90%3A3428068051&rnid=3428066051&sprefix=%2Caps%2C658&sr=8-17","https://www.amazon.co.jp/%E3%82%A2%E3%83%B2%E3%83%8F%E3%82%BF-%E3%83%A9%E3%83%B3%E3%83%97-%E3%81%84%E3%81%A1%E3%81%94%E3%82%B8%E3%83%A3%E3%83%A0%EF%BC%93%EF%BC%98%EF%BC%90%EF%BD%87/dp/B0D91SLGXB/ref=sr_1_17?__mk_ja_JP=%E3%82%AB%E3%82%BF%E3%82%AB%E3%83%8A&crid=VB9OJ21NIMJU&dd=Xezg5WjvpZlgzhUoPuoCtg%2C%2C&dib=eyJ2IjoiMSJ9.ysANKtEHO-LmNym9ubssRUDud0UNVNnhP6K3fZFuhe2Cjn5tutqX3Hp73BFuvL8opSIPcUexI98abRJPB0yE9XSWqQ8VFmWXl3eL2Ri0z1-ejcqCxs5gg7G4LIFh5zqqw7MeXQto-u5PKGtDbQWNiDSxx5qxcahAYxYojTyxt1P6xRYsezpAJ5DrUBZWkgZ6LqDc2a4RYch6EKz486I7NRqssRmCNJcJRw3446y5Aki3LvsSIDDIL5KELFID3NXD8xVqk9g16nWDYbO-kPgxKg._O09D-RQheAw9knIRW1wTh4SI1SQVfNKlsPiybAaRCE&dib_tag=se&keywords=Aohata+Spoon+Free+Strawberry+Jam+165g%E3%80%90Direct+from+Japan%E3%80%91&qid=1786962948&refinements=p_90%3A3428068051&rnid=3428066051&sprefix=%2Caps%2C658&sr=8-17#customerReviews","アヲハタ ランプ いちごジャム３８０ｇ","(/個)","5つ星のうち3.9","https://www.amazon.co.jp/%E3%82%A2%E3%83%B2%E3%83%8F%E3%82%BF-%E3%83%A9%E3%83%B3%E3%83%97-%E3%81%84%E3%81%A1%E3%81%94%E3%82%B8%E3%83%A3%E3%83%A0%EF%BC%93%EF%BC%98%EF%BC%90%EF%BD%87/dp/B0D91SLGXB/ref=sr_1_17?__mk_ja_JP=%E3%82%AB%E3%82%BF%E3%82%AB%E3%83%8A&crid=VB9OJ21NIMJU&dd=Xezg5WjvpZlgzhUoPuoCtg%2C%2C&dib=eyJ2IjoiMSJ9.ysANKtEHO-LmNym9ubssRUDud0UNVNnhP6K3fZFuhe2Cjn5tutqX3Hp73BFuvL8opSIPcUexI98abRJPB0yE9XSWqQ8VFmWXl3eL2Ri0z1-ejcqCxs5gg7G4LIFh5zqqw7MeXQto-u5PKGtDbQWNiDSxx5qxcahAYxYojTyxt1P6xRYsezpAJ5DrUBZWkgZ6LqDc2a4RYch6EKz486I7NRqssRmCNJcJRw3446y5Aki3LvsSIDDIL5KELFID3NXD8xVqk9g16nWDYbO-kPgxKg._O09D-RQheAw9knIRW1wTh4SI1SQVfNKlsPiybAaRCE&dib_tag=se&keywords=Aohata+Spoon+Free+Strawberry+Jam+165g%E3%80%90Direct+from+Japan%E3%80%91&qid=1786962948&refinements=p_90%3A3428068051&rnid=3428066051&sprefix=%2Caps%2C658&sr=8-17","4ポイント(1%)","https://www.amazon.co.jp/gp/offer-listing/B0D91SLGXB/ref=sr_1_17_olp?rnid=3428066051&keywords=Aohata+Spoon+Free+Strawberry+Jam+165g%E3%80%90Direct+from+Japan%E3%80%91&crid=VB9OJ21NIMJU&sprefix=%2Caps%2C658&dib_tag=se&dib=eyJ2IjoiMSJ9.ysANKtEHO-LmNym9ubssRUDud0UNVNnhP6K3fZFuhe2Cjn5tutqX3Hp73BFuvL8opSIPcUexI98abRJPB0yE9XSWqQ8VFmWXl3eL2Ri0z1-ejcqCxs5gg7G4LIFh5zqqw7MeXQto-u5PKGtDbQWNiDSxx5qxcahAYxYojTyxt1P6xRYsezpAJ5DrUBZWkgZ6LqDc2a4RYch6EKz486I7NRqssRmCNJcJRw3446y5Aki3LvsSIDDIL5KELFID3NXD8xVqk9g16nWDYbO-kPgxKg._O09D-RQheAw9knIRW1wTh4SI1SQVfNKlsPiybAaRCE&__mk_ja_JP=%E3%82%AB%E3%82%BF%E3%82%AB%E3%83%8A&qid=1786962948&refinements=p_90%3A3428068051&sr=8-17","","￥373","373","","￥373","","","参考: ￥461","￥461"
"https://www.amazon.co.jp/%E3%83%95%E3%82%A3%E3%82%AA%E3%83%BC%E3%83%AB-%E3%83%87%E3%82%A3-%E3%83%95%E3%83%AB%E3%83%83%E3%82%BF-%E3%83%95%E3%83%AB%E3%83%BC%E3%83%84%E3%82%B9%E3%83%97%E3%83%AC%E3%83%83%E3%83%89-%E3%82%B9%E3%83%88%E3%83%AD%E3%83%99%E3%83%AA%E3%83%BC/dp/B0042IWPTU/ref=sr_1_18?__mk_ja_JP=%E3%82%AB%E3%82%BF%E3%82%AB%E3%83%8A&crid=VB9OJ21NIMJU&dd=Xezg5WjvpZlgzhUoPuoCtg%2C%2C&dib=eyJ2IjoiMSJ9.ysANKtEHO-LmNym9ubssRUDud0UNVNnhP6K3fZFuhe2Cjn5tutqX3Hp73BFuvL8opSIPcUexI98abRJPB0yE9XSWqQ8VFmWXl3eL2Ri0z1-ejcqCxs5gg7G4LIFh5zqqw7MeXQto-u5PKGtDbQWNiDSxx5qxcahAYxYojTyxt1P6xRYsezpAJ5DrUBZWkgZ6LqDc2a4RYch6EKz486I7NRqssRmCNJcJRw3446y5Aki3LvsSIDDIL5KELFID3NXD8xVqk9g16nWDYbO-kPgxKg._O09D-RQheAw9knIRW1wTh4SI1SQVfNKlsPiybAaRCE&dib_tag=se&keywords=Aohata+Spoon+Free+Strawberry+Jam+165g%E3%80%90Direct+from+Japan%E3%80%91&qid=1786962948&refinements=p_90%3A3428068051&rnid=3428066051&sprefix=%2Caps%2C658&sr=8-18","https://m.media-amazon.com/images/I/71NQO97mj9L._AC_UL320_.jpg","https://www.amazon.co.jp/%E3%83%95%E3%82%A3%E3%82%AA%E3%83%BC%E3%83%AB-%E3%83%87%E3%82%A3-%E3%83%95%E3%83%AB%E3%83%83%E3%82%BF-%E3%83%95%E3%83%AB%E3%83%BC%E3%83%84%E3%82%B9%E3%83%97%E3%83%AC%E3%83%83%E3%83%89-%E3%82%B9%E3%83%88%E3%83%AD%E3%83%99%E3%83%AA%E3%83%BC/dp/B0042IWPTU/ref=sr_1_18?__mk_ja_JP=%E3%82%AB%E3%82%BF%E3%82%AB%E3%83%8A&crid=VB9OJ21NIMJU&dd=Xezg5WjvpZlgzhUoPuoCtg%2C%2C&dib=eyJ2IjoiMSJ9.ysANKtEHO-LmNym9ubssRUDud0UNVNnhP6K3fZFuhe2Cjn5tutqX3Hp73BFuvL8opSIPcUexI98abRJPB0yE9XSWqQ8VFmWXl3eL2Ri0z1-ejcqCxs5gg7G4LIFh5zqqw7MeXQto-u5PKGtDbQWNiDSxx5qxcahAYxYojTyxt1P6xRYsezpAJ5DrUBZWkgZ6LqDc2a4RYch6EKz486I7NRqssRmCNJcJRw3446y5Aki3LvsSIDDIL5KELFID3NXD8xVqk9g16nWDYbO-kPgxKg._O09D-RQheAw9knIRW1wTh4SI1SQVfNKlsPiybAaRCE&dib_tag=se&keywords=Aohata+Spoon+Free+Strawberry+Jam+165g%E3%80%90Direct+from+Japan%E3%80%91&qid=1786962948&refinements=p_90%3A3428068051&rnid=3428066051&sprefix=%2Caps%2C658&sr=8-18","https://www.amazon.co.jp/%E3%83%95%E3%82%A3%E3%82%AA%E3%83%BC%E3%83%AB-%E3%83%87%E3%82%A3-%E3%83%95%E3%83%AB%E3%83%83%E3%82%BF-%E3%83%95%E3%83%AB%E3%83%BC%E3%83%84%E3%82%B9%E3%83%97%E3%83%AC%E3%83%83%E3%83%89-%E3%82%B9%E3%83%88%E3%83%AD%E3%83%99%E3%83%AA%E3%83%BC/dp/B0042IWPTU/ref=sr_1_18?__mk_ja_JP=%E3%82%AB%E3%82%BF%E3%82%AB%E3%83%8A&crid=VB9OJ21NIMJU&dd=Xezg5WjvpZlgzhUoPuoCtg%2C%2C&dib=eyJ2IjoiMSJ9.ysANKtEHO-LmNym9ubssRUDud0UNVNnhP6K3fZFuhe2Cjn5tutqX3Hp73BFuvL8opSIPcUexI98abRJPB0yE9XSWqQ8VFmWXl3eL2Ri0z1-ejcqCxs5gg7G4LIFh5zqqw7MeXQto-u5PKGtDbQWNiDSxx5qxcahAYxYojTyxt1P6xRYsezpAJ5DrUBZWkgZ6LqDc2a4RYch6EKz486I7NRqssRmCNJcJRw3446y5Aki3LvsSIDDIL5KELFID3NXD8xVqk9g16nWDYbO-kPgxKg._O09D-RQheAw9knIRW1wTh4SI1SQVfNKlsPiybAaRCE&dib_tag=se&keywords=Aohata+Spoon+Free+Strawberry+Jam+165g%E3%80%90Direct+from+Japan%E3%80%91&qid=1786962948&refinements=p_90%3A3428068051&rnid=3428066051&sprefix=%2Caps%2C658&sr=8-18#customerReviews","Rigoni di Asiago フィオール ディ フルッタ オーガニック フルーツスプレッド ストロベリー【砂糖不使用】","砂糖不使用","5つ星のうち4.2","https://www.amazon.co.jp/gp/bestsellers/food-beverage/71165051/ref=top_seller_insight_9","ベストセラー9位","https://www.amazon.co.jp/%E3%83%95%E3%82%A3%E3%82%AA%E3%83%BC%E3%83%AB-%E3%83%87%E3%82%A3-%E3%83%95%E3%83%AB%E3%83%83%E3%82%BF-%E3%83%95%E3%83%AB%E3%83%BC%E3%83%84%E3%82%B9%E3%83%97%E3%83%AC%E3%83%83%E3%83%89-%E3%82%B9%E3%83%88%E3%83%AD%E3%83%99%E3%83%AA%E3%83%BC/dp/B0042IWPTU/ref=sr_1_18?__mk_ja_JP=%E3%82%AB%E3%82%BF%E3%82%AB%E3%83%8A&crid=VB9OJ21NIMJU&dd=Xezg5WjvpZlgzhUoPuoCtg%2C%2C&dib=eyJ2IjoiMSJ9.ysANKtEHO-LmNym9ubssRUDud0UNVNnhP6K3fZFuhe2Cjn5tutqX3Hp73BFuvL8opSIPcUexI98abRJPB0yE9XSWqQ8VFmWXl3eL2Ri0z1-ejcqCxs5gg7G4LIFh5zqqw7MeXQto-u5PKGtDbQWNiDSxx5qxcahAYxYojTyxt1P6xRYsezpAJ5DrUBZWkgZ6LqDc2a4RYch6EKz486I7NRqssRmCNJcJRw3446y5Aki3LvsSIDDIL5KELFID3NXD8xVqk9g16nWDYbO-kPgxKg._O09D-RQheAw9knIRW1wTh4SI1SQVfNKlsPiybAaRCE&dib_tag=se&keywords=Aohata+Spoon+Free+Strawberry+Jam+165g%E3%80%90Direct+from+Japan%E3%80%91&qid=1786962948&refinements=p_90%3A3428068051&rnid=3428066051&sprefix=%2Caps%2C658&sr=8-18","javascript:void(0)","￥952","952","(/g)","￥4","10ポイント(1%)","5点以上まとめ買いで2%ポイント還元","",""
"https://www.amazon.co.jp/%E3%83%9C%E3%83%B3%E3%83%8C%E3%83%9E%E3%83%9E-%E3%83%9C%E3%83%B3%E3%83%8C%E3%83%9E%E3%83%9E%E3%83%B3-%E3%82%B9%E3%83%88%E3%83%AD%E3%83%99%E3%83%AA%E3%83%BC%E3%82%B8%E3%83%A3%E3%83%A0-30g%C3%973%E5%80%8B/dp/B01J12F1CO/ref=sr_1_19?__mk_ja_JP=%E3%82%AB%E3%82%BF%E3%82%AB%E3%83%8A&crid=VB9OJ21NIMJU&dd=Xezg5WjvpZlgzhUoPuoCtg%2C%2C&dib=eyJ2IjoiMSJ9.ysANKtEHO-LmNym9ubssRUDud0UNVNnhP6K3fZFuhe2Cjn5tutqX3Hp73BFuvL8opSIPcUexI98abRJPB0yE9XSWqQ8VFmWXl3eL2Ri0z1-ejcqCxs5gg7G4LIFh5zqqw7MeXQto-u5PKGtDbQWNiDSxx5qxcahAYxYojTyxt1P6xRYsezpAJ5DrUBZWkgZ6LqDc2a4RYch6EKz486I7NRqssRmCNJcJRw3446y5Aki3LvsSIDDIL5KELFID3NXD8xVqk9g16nWDYbO-kPgxKg._O09D-RQheAw9knIRW1wTh4SI1SQVfNKlsPiybAaRCE&dib_tag=se&keywords=Aohata+Spoon+Free+Strawberry+Jam+165g%E3%80%90Direct+from+Japan%E3%80%91&qid=1786962948&refinements=p_90%3A3428068051&rnid=3428066051&sprefix=%2Caps%2C658&sr=8-19","https://m.media-amazon.com/images/I/81G9FLNtjGL._AC_UL320_.jpg","https://www.amazon.co.jp/%E3%83%9C%E3%83%B3%E3%83%8C%E3%83%9E%E3%83%9E-%E3%83%9C%E3%83%B3%E3%83%8C%E3%83%9E%E3%83%9E%E3%83%B3-%E3%82%B9%E3%83%88%E3%83%AD%E3%83%99%E3%83%AA%E3%83%BC%E3%82%B8%E3%83%A3%E3%83%A0-30g%C3%973%E5%80%8B/dp/B01J12F1CO/ref=sr_1_19?__mk_ja_JP=%E3%82%AB%E3%82%BF%E3%82%AB%E3%83%8A&crid=VB9OJ21NIMJU&dd=Xezg5WjvpZlgzhUoPuoCtg%2C%2C&dib=eyJ2IjoiMSJ9.ysANKtEHO-LmNym9ubssRUDud0UNVNnhP6K3fZFuhe2Cjn5tutqX3Hp73BFuvL8opSIPcUexI98abRJPB0yE9XSWqQ8VFmWXl3eL2Ri0z1-ejcqCxs5gg7G4LIFh5zqqw7MeXQto-u5PKGtDbQWNiDSxx5qxcahAYxYojTyxt1P6xRYsezpAJ5DrUBZWkgZ6LqDc2a4RYch6EKz486I7NRqssRmCNJcJRw3446y5Aki3LvsSIDDIL5KELFID3NXD8xVqk9g16nWDYbO-kPgxKg._O09D-RQheAw9knIRW1wTh4SI1SQVfNKlsPiybAaRCE&dib_tag=se&keywords=Aohata+Spoon+Free+Strawberry+Jam+165g%E3%80%90Direct+from+Japan%E3%80%91&qid=1786962948&refinements=p_90%3A3428068051&rnid=3428066051&sprefix=%2Caps%2C658&sr=8-19","https://www.amazon.co.jp/%E3%83%9C%E3%83%B3%E3%83%8C%E3%83%9E%E3%83%9E-%E3%83%9C%E3%83%B3%E3%83%8C%E3%83%9E%E3%83%9E%E3%83%B3-%E3%82%B9%E3%83%88%E3%83%AD%E3%83%99%E3%83%AA%E3%83%BC%E3%82%B8%E3%83%A3%E3%83%A0-30g%C3%973%E5%80%8B/dp/B01J12F1CO/ref=sr_1_19?__mk_ja_JP=%E3%82%AB%E3%82%BF%E3%82%AB%E3%83%8A&crid=VB9OJ21NIMJU&dd=Xezg5WjvpZlgzhUoPuoCtg%2C%2C&dib=eyJ2IjoiMSJ9.ysANKtEHO-LmNym9ubssRUDud0UNVNnhP6K3fZFuhe2Cjn5tutqX3Hp73BFuvL8opSIPcUexI98abRJPB0yE9XSWqQ8VFmWXl3eL2Ri0z1-ejcqCxs5gg7G4LIFh5zqqw7MeXQto-u5PKGtDbQWNiDSxx5qxcahAYxYojTyxt1P6xRYsezpAJ5DrUBZWkgZ6LqDc2a4RYch6EKz486I7NRqssRmCNJcJRw3446y5Aki3LvsSIDDIL5KELFID3NXD8xVqk9g16nWDYbO-kPgxKg._O09D-RQheAw9knIRW1wTh4SI1SQVfNKlsPiybAaRCE&dib_tag=se&keywords=Aohata+Spoon+Free+Strawberry+Jam+165g%E3%80%90Direct+from+Japan%E3%80%91&qid=1786962948&refinements=p_90%3A3428068051&rnid=3428066051&sprefix=%2Caps%2C658&sr=8-19#customerReviews","Bonne Maman ボンヌママン ストロベリージャム 30g×3個","(/個)","5つ星のうち4.4","https://www.amazon.co.jp/%E3%83%9C%E3%83%B3%E3%83%8C%E3%83%9E%E3%83%9E-%E3%83%9C%E3%83%B3%E3%83%8C%E3%83%9E%E3%83%9E%E3%83%B3-%E3%82%B9%E3%83%88%E3%83%AD%E3%83%99%E3%83%AA%E3%83%BC%E3%82%B8%E3%83%A3%E3%83%A0-30g%C3%973%E5%80%8B/dp/B01J12F1CO/ref=sr_1_19?__mk_ja_JP=%E3%82%AB%E3%82%BF%E3%82%AB%E3%83%8A&crid=VB9OJ21NIMJU&dd=Xezg5WjvpZlgzhUoPuoCtg%2C%2C&dib=eyJ2IjoiMSJ9.ysANKtEHO-LmNym9ubssRUDud0UNVNnhP6K3fZFuhe2Cjn5tutqX3Hp73BFuvL8opSIPcUexI98abRJPB0yE9XSWqQ8VFmWXl3eL2Ri0z1-ejcqCxs5gg7G4LIFh5zqqw7MeXQto-u5PKGtDbQWNiDSxx5qxcahAYxYojTyxt1P6xRYsezpAJ5DrUBZWkgZ6LqDc2a4RYch6EKz486I7NRqssRmCNJcJRw3446y5Aki3LvsSIDDIL5KELFID3NXD8xVqk9g16nWDYbO-kPgxKg._O09D-RQheAw9knIRW1wTh4SI1SQVfNKlsPiybAaRCE&dib_tag=se&keywords=Aohata+Spoon+Free+Strawberry+Jam+165g%E3%80%90Direct+from+Japan%E3%80%91&qid=1786962948&refinements=p_90%3A3428068051&rnid=3428066051&sprefix=%2Caps%2C658&sr=8-19","4ポイント(1%)","","","￥367","367","","￥122","","","参考: ￥413","￥413"
"https://www.amazon.co.jp/sspa/click?ie=UTF8&spc=MTozMjIzOTQ4MTU3NDg5MDkxOjE3ODY5NjI5NDg6c3BfYnRmOjMwMDE1NDEwNDE4MTI2Mjo6MDo6&url=%2F%25E3%2582%25A2%25E3%2583%25B2%25E3%2583%258F%25E3%2582%25BF-%25E3%2582%25A4%25E3%2583%2581%25E3%2582%25B4-400g-%25C3%25972%25E5%2580%258B-%25E3%2582%25B8%25E3%2583%25A3%25E3%2583%25A0%2Fdp%2FB0DTHGZDHF%2Fref%3Dsr_1_20_sspa%3F__mk_ja_JP%3D%25E3%2582%25AB%25E3%2582%25BF%25E3%2582%25AB%25E3%2583%258A%26crid%3DVB9OJ21NIMJU%26dd%3DXezg5WjvpZlgzhUoPuoCtg%252C%252C%26dib%3DeyJ2IjoiMSJ9.ysANKtEHO-LmNym9ubssRUDud0UNVNnhP6K3fZFuhe2Cjn5tutqX3Hp73BFuvL8opSIPcUexI98abRJPB0yE9XSWqQ8VFmWXl3eL2Ri0z1-ejcqCxs5gg7G4LIFh5zqqw7MeXQto-u5PKGtDbQWNiDSxx5qxcahAYxYojTyxt1P6xRYsezpAJ5DrUBZWkgZ6LqDc2a4RYch6EKz486I7NRqssRmCNJcJRw3446y5Aki3LvsSIDDIL5KELFID3NXD8xVqk9g16nWDYbO-kPgxKg._O09D-RQheAw9knIRW1wTh4SI1SQVfNKlsPiybAaRCE%26dib_tag%3Dse%26keywords%3DAohata%2BSpoon%2BFree%2BStrawberry%2BJam%2B165g%25E3%2580%2590Direct%2Bfrom%2BJapan%25E3%2580%2591%26qid%3D1786962948%26refinements%3Dp_90%253A3428068051%26rnid%3D3428066051%26sprefix%3D%252Caps%252C658%26sr%3D8-20-spons%26sp_csd%3Dd2lkZ2V0TmFtZT1zcF9idGY%26psc%3D1","https://m.media-amazon.com/images/I/71s7be5yGOL._AC_UL320_.jpg","https://www.amazon.co.jp/s?k=Aohata+Spoon+Free+Strawberry+Jam+165g%E3%80%90Direct+from+Japan%E3%80%91&rh=p_90%3A3428068051&dc&__mk_ja_JP=%E3%82%AB%E3%82%BF%E3%82%AB%E3%83%8A&crid=VB9OJ21NIMJU&qid=1786962930&rnid=3428066051&sprefix=%2Caps%2C658&ref=sr_nr_p_90_2&ds=v1%3ACYsdCk9aOfIOlClejb6xLmziQfQoeROydC42Pgfpihw#","https://www.amazon.co.jp/sspa/click?ie=UTF8&spc=MTozMjIzOTQ4MTU3NDg5MDkxOjE3ODY5NjI5NDg6c3BfYnRmOjMwMDE1NDEwNDE4MTI2Mjo6MDo6&url=%2F%25E3%2582%25A2%25E3%2583%25B2%25E3%2583%258F%25E3%2582%25BF-%25E3%2582%25A4%25E3%2583%2581%25E3%2582%25B4-400g-%25C3%25972%25E5%2580%258B-%25E3%2582%25B8%25E3%2583%25A3%25E3%2583%25A0%2Fdp%2FB0DTHGZDHF%2Fref%3Dsr_1_20_sspa%3F__mk_ja_JP%3D%25E3%2582%25AB%25E3%2582%25BF%25E3%2582%25AB%25E3%2583%258A%26crid%3DVB9OJ21NIMJU%26dd%3DXezg5WjvpZlgzhUoPuoCtg%252C%252C%26dib%3DeyJ2IjoiMSJ9.ysANKtEHO-LmNym9ubssRUDud0UNVNnhP6K3fZFuhe2Cjn5tutqX3Hp73BFuvL8opSIPcUexI98abRJPB0yE9XSWqQ8VFmWXl3eL2Ri0z1-ejcqCxs5gg7G4LIFh5zqqw7MeXQto-u5PKGtDbQWNiDSxx5qxcahAYxYojTyxt1P6xRYsezpAJ5DrUBZWkgZ6LqDc2a4RYch6EKz486I7NRqssRmCNJcJRw3446y5Aki3LvsSIDDIL5KELFID3NXD8xVqk9g16nWDYbO-kPgxKg._O09D-RQheAw9knIRW1wTh4SI1SQVfNKlsPiybAaRCE%26dib_tag%3Dse%26keywords%3DAohata%2BSpoon%2BFree%2BStrawberry%2BJam%2B165g%25E3%2580%2590Direct%2Bfrom%2BJapan%25E3%2580%2591%26qid%3D1786962948%26refinements%3Dp_90%253A3428068051%26rnid%3D3428066051%26sprefix%3D%252Caps%252C658%26sr%3D8-20-spons%26sp_csd%3Dd2lkZ2V0TmFtZT1zcF9idGY%26psc%3D1","アヲハタ ５５ イチゴ 400g ×2個 ジャム","輸入イチゴ、低カロリー","5つ星のうち4.6","https://www.amazon.co.jp/sspa/click?ie=UTF8&spc=MTozMjIzOTQ4MTU3NDg5MDkxOjE3ODY5NjI5NDg6c3BfYnRmOjMwMDE1NDEwNDE4MTI2Mjo6MDo6&url=%2F%25E3%2582%25A2%25E3%2583%25B2%25E3%2583%258F%25E3%2582%25BF-%25E3%2582%25A4%25E3%2583%2581%25E3%2582%25B4-400g-%25C3%25972%25E5%2580%258B-%25E3%2582%25B8%25E3%2583%25A3%25E3%2583%25A0%2Fdp%2FB0DTHGZDHF%2Fref%3Dsr_1_20_sspa%3F__mk_ja_JP%3D%25E3%2582%25AB%25E3%2582%25BF%25E3%2582%25AB%25E3%2583%258A%26crid%3DVB9OJ21NIMJU%26dd%3DXezg5WjvpZlgzhUoPuoCtg%252C%252C%26dib%3DeyJ2IjoiMSJ9.ysANKtEHO-LmNym9ubssRUDud0UNVNnhP6K3fZFuhe2Cjn5tutqX3Hp73BFuvL8opSIPcUexI98abRJPB0yE9XSWqQ8VFmWXl3eL2Ri0z1-ejcqCxs5gg7G4LIFh5zqqw7MeXQto-u5PKGtDbQWNiDSxx5qxcahAYxYojTyxt1P6xRYsezpAJ5DrUBZWkgZ6LqDc2a4RYch6EKz486I7NRqssRmCNJcJRw3446y5Aki3LvsSIDDIL5KELFID3NXD8xVqk9g16nWDYbO-kPgxKg._O09D-RQheAw9knIRW1wTh4SI1SQVfNKlsPiybAaRCE%26dib_tag%3Dse%26keywords%3DAohata%2BSpoon%2BFree%2BStrawberry%2BJam%2B165g%25E3%2580%2590Direct%2Bfrom%2BJapan%25E3%2580%2591%26qid%3D1786962948%26refinements%3Dp_90%253A3428068051%26rnid%3D3428066051%26sprefix%3D%252Caps%252C658%26sr%3D8-20-spons%26sp_csd%3Dd2lkZ2V0TmFtZT1zcF9idGY%26psc%3D1#customerReviews","ベストセラー1位","https://www.amazon.co.jp/gp/bestsellers/food-beverage/71165051/ref=top_seller_insight_1","https://www.amazon.co.jp/sspa/click?ie=UTF8&spc=MTozMjIzOTQ4MTU3NDg5MDkxOjE3ODY5NjI5NDg6c3BfYnRmOjMwMDE1NDEwNDE4MTI2Mjo6MDo6&url=%2F%25E3%2582%25A2%25E3%2583%25B2%25E3%2583%258F%25E3%2582%25BF-%25E3%2582%25A4%25E3%2583%2581%25E3%2582%25B4-400g-%25C3%25972%25E5%2580%258B-%25E3%2582%25B8%25E3%2583%25A3%25E3%2583%25A0%2Fdp%2FB0DTHGZDHF%2Fref%3Dsr_1_20_sspa%3F__mk_ja_JP%3D%25E3%2582%25AB%25E3%2582%25BF%25E3%2582%25AB%25E3%2583%258A%26crid%3DVB9OJ21NIMJU%26dd%3DXezg5WjvpZlgzhUoPuoCtg%252C%252C%26dib%3DeyJ2IjoiMSJ9.ysANKtEHO-LmNym9ubssRUDud0UNVNnhP6K3fZFuhe2Cjn5tutqX3Hp73BFuvL8opSIPcUexI98abRJPB0yE9XSWqQ8VFmWXl3eL2Ri0z1-ejcqCxs5gg7G4LIFh5zqqw7MeXQto-u5PKGtDbQWNiDSxx5qxcahAYxYojTyxt1P6xRYsezpAJ5DrUBZWkgZ6LqDc2a4RYch6EKz486I7NRqssRmCNJcJRw3446y5Aki3LvsSIDDIL5KELFID3NXD8xVqk9g16nWDYbO-kPgxKg._O09D-RQheAw9knIRW1wTh4SI1SQVfNKlsPiybAaRCE%26dib_tag%3Dse%26keywords%3DAohata%2BSpoon%2BFree%2BStrawberry%2BJam%2B165g%25E3%2580%2590Direct%2Bfrom%2BJapan%25E3%2580%2591%26qid%3D1786962948%26refinements%3Dp_90%253A3428068051%26rnid%3D3428066051%26sprefix%3D%252Caps%252C658%26sr%3D8-20-spons%26sp_csd%3Dd2lkZ2V0TmFtZT1zcF9idGY%26psc%3D1","￥1,301","1,301","(/個)","￥650","13ポイント(1%)","5点以上まとめ買いで2%ポイント還元","",""
"https://www.amazon.co.jp/sspa/click?ie=UTF8&spc=MTozMjIzOTQ4MTU3NDg5MDkxOjE3ODY5NjI5NDg6c3BfYnRmOjMwMDE1NDEwNDE4Mzk2Mjo6MDo6&url=%2F%25E3%2582%25A2%25E3%2583%25B2%25E3%2583%258F%25E3%2582%25BF-%25E3%2581%25BE%25E3%2582%258B%25E3%2581%2594%25E3%2581%25A8%25E6%259E%259C%25E5%25AE%259F-%25E7%2599%25BD%25E6%25A1%2583250g-%25E3%2582%25AA%25E3%2583%25BC%25E3%2583%25AB%25E3%2583%2595%25E3%2583%25AB%25E3%2583%25BC%25E3%2583%2584-%25E7%25A0%2582%25E7%25B3%2596%25E4%25B8%258D%25E4%25BD%25BF%25E7%2594%25A8%2Fdp%2FB0FHJZST7X%2Fref%3Dsr_1_21_sspa%3F__mk_ja_JP%3D%25E3%2582%25AB%25E3%2582%25BF%25E3%2582%25AB%25E3%2583%258A%26crid%3DVB9OJ21NIMJU%26dd%3DXezg5WjvpZlgzhUoPuoCtg%252C%252C%26dib%3DeyJ2IjoiMSJ9.ysANKtEHO-LmNym9ubssRUDud0UNVNnhP6K3fZFuhe2Cjn5tutqX3Hp73BFuvL8opSIPcUexI98abRJPB0yE9XSWqQ8VFmWXl3eL2Ri0z1-ejcqCxs5gg7G4LIFh5zqqw7MeXQto-u5PKGtDbQWNiDSxx5qxcahAYxYojTyxt1P6xRYsezpAJ5DrUBZWkgZ6LqDc2a4RYch6EKz486I7NRqssRmCNJcJRw3446y5Aki3LvsSIDDIL5KELFID3NXD8xVqk9g16nWDYbO-kPgxKg._O09D-RQheAw9knIRW1wTh4SI1SQVfNKlsPiybAaRCE%26dib_tag%3Dse%26keywords%3DAohata%2BSpoon%2BFree%2BStrawberry%2BJam%2B165g%25E3%2580%2590Direct%2Bfrom%2BJapan%25E3%2580%2591%26qid%3D1786962948%26refinements%3Dp_90%253A3428068051%26rnid%3D3428066051%26sprefix%3D%252Caps%252C658%26sr%3D8-21-spons%26sp_csd%3Dd2lkZ2V0TmFtZT1zcF9idGY%26psc%3D1","https://m.media-amazon.com/images/I/71zTR0-tABL._AC_UL320_.jpg","https://www.amazon.co.jp/s?k=Aohata+Spoon+Free+Strawberry+Jam+165g%E3%80%90Direct+from+Japan%E3%80%91&rh=p_90%3A3428068051&dc&__mk_ja_JP=%E3%82%AB%E3%82%BF%E3%82%AB%E3%83%8A&crid=VB9OJ21NIMJU&qid=1786962930&rnid=3428066051&sprefix=%2Caps%2C658&ref=sr_nr_p_90_2&ds=v1%3ACYsdCk9aOfIOlClejb6xLmziQfQoeROydC42Pgfpihw#","https://www.amazon.co.jp/sspa/click?ie=UTF8&spc=MTozMjIzOTQ4MTU3NDg5MDkxOjE3ODY5NjI5NDg6c3BfYnRmOjMwMDE1NDEwNDE4Mzk2Mjo6MDo6&url=%2F%25E3%2582%25A2%25E3%2583%25B2%25E3%2583%258F%25E3%2582%25BF-%25E3%2581%25BE%25E3%2582%258B%25E3%2581%2594%25E3%2581%25A8%25E6%259E%259C%25E5%25AE%259F-%25E7%2599%25BD%25E6%25A1%2583250g-%25E3%2582%25AA%25E3%2583%25BC%25E3%2583%25AB%25E3%2583%2595%25E3%2583%25AB%25E3%2583%25BC%25E3%2583%2584-%25E7%25A0%2582%25E7%25B3%2596%25E4%25B8%258D%25E4%25BD%25BF%25E7%2594%25A8%2Fdp%2FB0FHJZST7X%2Fref%3Dsr_1_21_sspa%3F__mk_ja_JP%3D%25E3%2582%25AB%25E3%2582%25BF%25E3%2582%25AB%25E3%2583%258A%26crid%3DVB9OJ21NIMJU%26dd%3DXezg5WjvpZlgzhUoPuoCtg%252C%252C%26dib%3DeyJ2IjoiMSJ9.ysANKtEHO-LmNym9ubssRUDud0UNVNnhP6K3fZFuhe2Cjn5tutqX3Hp73BFuvL8opSIPcUexI98abRJPB0yE9XSWqQ8VFmWXl3eL2Ri0z1-ejcqCxs5gg7G4LIFh5zqqw7MeXQto-u5PKGtDbQWNiDSxx5qxcahAYxYojTyxt1P6xRYsezpAJ5DrUBZWkgZ6LqDc2a4RYch6EKz486I7NRqssRmCNJcJRw3446y5Aki3LvsSIDDIL5KELFID3NXD8xVqk9g16nWDYbO-kPgxKg._O09D-RQheAw9knIRW1wTh4SI1SQVfNKlsPiybAaRCE%26dib_tag%3Dse%26keywords%3DAohata%2BSpoon%2BFree%2BStrawberry%2BJam%2B165g%25E3%2580%2590Direct%2Bfrom%2BJapan%25E3%2580%2591%26qid%3D1786962948%26refinements%3Dp_90%253A3428068051%26rnid%3D3428066051%26sprefix%3D%252Caps%252C658%26sr%3D8-21-spons%26sp_csd%3Dd2lkZ2V0TmFtZT1zcF9idGY%26psc%3D1","アヲハタ まるごと果実 白桃250g ×3個 ジャム オールフルーツ 砂糖不使用","砂糖不使用、フルーツ100%","5つ星のうち4.5","https://www.amazon.co.jp/sspa/click?ie=UTF8&spc=MTozMjIzOTQ4MTU3NDg5MDkxOjE3ODY5NjI5NDg6c3BfYnRmOjMwMDE1NDEwNDE4Mzk2Mjo6MDo6&url=%2F%25E3%2582%25A2%25E3%2583%25B2%25E3%2583%258F%25E3%2582%25BF-%25E3%2581%25BE%25E3%2582%258B%25E3%2581%2594%25E3%2581%25A8%25E6%259E%259C%25E5%25AE%259F-%25E7%2599%25BD%25E6%25A1%2583250g-%25E3%2582%25AA%25E3%2583%25BC%25E3%2583%25AB%25E3%2583%2595%25E3%2583%25AB%25E3%2583%25BC%25E3%2583%2584-%25E7%25A0%2582%25E7%25B3%2596%25E4%25B8%258D%25E4%25BD%25BF%25E7%2594%25A8%2Fdp%2FB0FHJZST7X%2Fref%3Dsr_1_21_sspa%3F__mk_ja_JP%3D%25E3%2582%25AB%25E3%2582%25BF%25E3%2582%25AB%25E3%2583%258A%26crid%3DVB9OJ21NIMJU%26dd%3DXezg5WjvpZlgzhUoPuoCtg%252C%252C%26dib%3DeyJ2IjoiMSJ9.ysANKtEHO-LmNym9ubssRUDud0UNVNnhP6K3fZFuhe2Cjn5tutqX3Hp73BFuvL8opSIPcUexI98abRJPB0yE9XSWqQ8VFmWXl3eL2Ri0z1-ejcqCxs5gg7G4LIFh5zqqw7MeXQto-u5PKGtDbQWNiDSxx5qxcahAYxYojTyxt1P6xRYsezpAJ5DrUBZWkgZ6LqDc2a4RYch6EKz486I7NRqssRmCNJcJRw3446y5Aki3LvsSIDDIL5KELFID3NXD8xVqk9g16nWDYbO-kPgxKg._O09D-RQheAw9knIRW1wTh4SI1SQVfNKlsPiybAaRCE%26dib_tag%3Dse%26keywords%3DAohata%2BSpoon%2BFree%2BStrawberry%2BJam%2B165g%25E3%2580%2590Direct%2Bfrom%2BJapan%25E3%2580%2591%26qid%3D1786962948%26refinements%3Dp_90%253A3428068051%26rnid%3D3428066051%26sprefix%3D%252Caps%252C658%26sr%3D8-21-spons%26sp_csd%3Dd2lkZ2V0TmFtZT1zcF9idGY%26psc%3D1#customerReviews","ベストセラー2位","https://www.amazon.co.jp/gp/bestsellers/food-beverage/71165051/ref=top_seller_insight_2","https://www.amazon.co.jp/sspa/click?ie=UTF8&spc=MTozMjIzOTQ4MTU3NDg5MDkxOjE3ODY5NjI5NDg6c3BfYnRmOjMwMDE1NDEwNDE4Mzk2Mjo6MDo6&url=%2F%25E3%2582%25A2%25E3%2583%25B2%25E3%2583%258F%25E3%2582%25BF-%25E3%2581%25BE%25E3%2582%258B%25E3%2581%2594%25E3%2581%25A8%25E6%259E%259C%25E5%25AE%259F-%25E7%2599%25BD%25E6%25A1%2583250g-%25E3%2582%25AA%25E3%2583%25BC%25E3%2583%25AB%25E3%2583%2595%25E3%2583%25AB%25E3%2583%25BC%25E3%2583%2584-%25E7%25A0%2582%25E7%25B3%2596%25E4%25B8%258D%25E4%25BD%25BF%25E7%2594%25A8%2Fdp%2FB0FHJZST7X%2Fref%3Dsr_1_21_sspa%3F__mk_ja_JP%3D%25E3%2582%25AB%25E3%2582%25BF%25E3%2582%25AB%25E3%2583%258A%26crid%3DVB9OJ21NIMJU%26dd%3DXezg5WjvpZlgzhUoPuoCtg%252C%252C%26dib%3DeyJ2IjoiMSJ9.ysANKtEHO-LmNym9ubssRUDud0UNVNnhP6K3fZFuhe2Cjn5tutqX3Hp73BFuvL8opSIPcUexI98abRJPB0yE9XSWqQ8VFmWXl3eL2Ri0z1-ejcqCxs5gg7G4LIFh5zqqw7MeXQto-u5PKGtDbQWNiDSxx5qxcahAYxYojTyxt1P6xRYsezpAJ5DrUBZWkgZ6LqDc2a4RYch6EKz486I7NRqssRmCNJcJRw3446y5Aki3LvsSIDDIL5KELFID3NXD8xVqk9g16nWDYbO-kPgxKg._O09D-RQheAw9knIRW1wTh4SI1SQVfNKlsPiybAaRCE%26dib_tag%3Dse%26keywords%3DAohata%2BSpoon%2BFree%2BStrawberry%2BJam%2B165g%25E3%2580%2590Direct%2Bfrom%2BJapan%25E3%2580%2591%26qid%3D1786962948%26refinements%3Dp_90%253A3428068051%26rnid%3D3428066051%26sprefix%3D%252Caps%252C658%26sr%3D8-21-spons%26sp_csd%3Dd2lkZ2V0TmFtZT1zcF9idGY%26psc%3D1","￥1,091","1,091","(/個)","￥364","過去:","5点以上まとめ買いで2%ポイント還元","過去: ￥1,421","￥1,421"
"https://www.amazon.co.jp/sspa/click?ie=UTF8&spc=MTozMjIzOTQ4MTU3NDg5MDkxOjE3ODY5NjI5NDg6c3BfYnRmOjMwMDE0NjgyMDA3NTk2Mjo6MDo6&url=%2F%25E3%2582%25A2%25E3%2583%25B2%25E3%2583%258F%25E3%2582%25BF-%25E3%2583%25B4%25E3%2582%25A7%25E3%2583%25AB%25E3%2583%2587-%25E3%2583%259F%25E3%2583%25AB%25E3%2582%25AD%25E3%2583%25BC%25E3%2583%259B%25E3%2582%25A4%25E3%2583%2583%25E3%2583%2597-%25E3%2581%2584%25E3%2581%25A1%25E3%2581%2594%25E5%2591%25B3-80g%2Fdp%2FB0DTHD5K1T%2Fref%3Dsr_1_22_sspa%3F__mk_ja_JP%3D%25E3%2582%25AB%25E3%2582%25BF%25E3%2582%25AB%25E3%2583%258A%26crid%3DVB9OJ21NIMJU%26dd%3DXezg5WjvpZlgzhUoPuoCtg%252C%252C%26dib%3DeyJ2IjoiMSJ9.ysANKtEHO-LmNym9ubssRUDud0UNVNnhP6K3fZFuhe2Cjn5tutqX3Hp73BFuvL8opSIPcUexI98abRJPB0yE9XSWqQ8VFmWXl3eL2Ri0z1-ejcqCxs5gg7G4LIFh5zqqw7MeXQto-u5PKGtDbQWNiDSxx5qxcahAYxYojTyxt1P6xRYsezpAJ5DrUBZWkgZ6LqDc2a4RYch6EKz486I7NRqssRmCNJcJRw3446y5Aki3LvsSIDDIL5KELFID3NXD8xVqk9g16nWDYbO-kPgxKg._O09D-RQheAw9knIRW1wTh4SI1SQVfNKlsPiybAaRCE%26dib_tag%3Dse%26keywords%3DAohata%2BSpoon%2BFree%2BStrawberry%2BJam%2B165g%25E3%2580%2590Direct%2Bfrom%2BJapan%25E3%2580%2591%26qid%3D1786962948%26refinements%3Dp_90%253A3428068051%26rnid%3D3428066051%26sprefix%3D%252Caps%252C658%26sr%3D8-22-spons%26sp_csd%3Dd2lkZ2V0TmFtZT1zcF9idGY%26psc%3D1","https://m.media-amazon.com/images/I/61Px3hFXW-L._AC_UL320_.jpg","https://www.amazon.co.jp/s?k=Aohata+Spoon+Free+Strawberry+Jam+165g%E3%80%90Direct+from+Japan%E3%80%91&rh=p_90%3A3428068051&dc&__mk_ja_JP=%E3%82%AB%E3%82%BF%E3%82%AB%E3%83%8A&crid=VB9OJ21NIMJU&qid=1786962930&rnid=3428066051&sprefix=%2Caps%2C658&ref=sr_nr_p_90_2&ds=v1%3ACYsdCk9aOfIOlClejb6xLmziQfQoeROydC42Pgfpihw#","https://www.amazon.co.jp/sspa/click?ie=UTF8&spc=MTozMjIzOTQ4MTU3NDg5MDkxOjE3ODY5NjI5NDg6c3BfYnRmOjMwMDE0NjgyMDA3NTk2Mjo6MDo6&url=%2F%25E3%2582%25A2%25E3%2583%25B2%25E3%2583%258F%25E3%2582%25BF-%25E3%2583%25B4%25E3%2582%25A7%25E3%2583%25AB%25E3%2583%2587-%25E3%2583%259F%25E3%2583%25AB%25E3%2582%25AD%25E3%2583%25BC%25E3%2583%259B%25E3%2582%25A4%25E3%2583%2583%25E3%2583%2597-%25E3%2581%2584%25E3%2581%25A1%25E3%2581%2594%25E5%2591%25B3-80g%2Fdp%2FB0DTHD5K1T%2Fref%3Dsr_1_22_sspa%3F__mk_ja_JP%3D%25E3%2582%25AB%25E3%2582%25BF%25E3%2582%25AB%25E3%2583%258A%26crid%3DVB9OJ21NIMJU%26dd%3DXezg5WjvpZlgzhUoPuoCtg%252C%252C%26dib%3DeyJ2IjoiMSJ9.ysANKtEHO-LmNym9ubssRUDud0UNVNnhP6K3fZFuhe2Cjn5tutqX3Hp73BFuvL8opSIPcUexI98abRJPB0yE9XSWqQ8VFmWXl3eL2Ri0z1-ejcqCxs5gg7G4LIFh5zqqw7MeXQto-u5PKGtDbQWNiDSxx5qxcahAYxYojTyxt1P6xRYsezpAJ5DrUBZWkgZ6LqDc2a4RYch6EKz486I7NRqssRmCNJcJRw3446y5Aki3LvsSIDDIL5KELFID3NXD8xVqk9g16nWDYbO-kPgxKg._O09D-RQheAw9knIRW1wTh4SI1SQVfNKlsPiybAaRCE%26dib_tag%3Dse%26keywords%3DAohata%2BSpoon%2BFree%2BStrawberry%2BJam%2B165g%25E3%2580%2590Direct%2Bfrom%2BJapan%25E3%2580%2591%26qid%3D1786962948%26refinements%3Dp_90%253A3428068051%26rnid%3D3428066051%26sprefix%3D%252Caps%252C658%26sr%3D8-22-spons%26sp_csd%3Dd2lkZ2V0TmFtZT1zcF9idGY%26psc%3D1","アヲハタ ヴェルデ ミルキーホイップ いちご味 80g ×4個","いちご味","5つ星のうち4.1","https://www.amazon.co.jp/sspa/click?ie=UTF8&spc=MTozMjIzOTQ4MTU3NDg5MDkxOjE3ODY5NjI5NDg6c3BfYnRmOjMwMDE0NjgyMDA3NTk2Mjo6MDo6&url=%2F%25E3%2582%25A2%25E3%2583%25B2%25E3%2583%258F%25E3%2582%25BF-%25E3%2583%25B4%25E3%2582%25A7%25E3%2583%25AB%25E3%2583%2587-%25E3%2583%259F%25E3%2583%25AB%25E3%2582%25AD%25E3%2583%25BC%25E3%2583%259B%25E3%2582%25A4%25E3%2583%2583%25E3%2583%2597-%25E3%2581%2584%25E3%2581%25A1%25E3%2581%2594%25E5%2591%25B3-80g%2Fdp%2FB0DTHD5K1T%2Fref%3Dsr_1_22_sspa%3F__mk_ja_JP%3D%25E3%2582%25AB%25E3%2582%25BF%25E3%2582%25AB%25E3%2583%258A%26crid%3DVB9OJ21NIMJU%26dd%3DXezg5WjvpZlgzhUoPuoCtg%252C%252C%26dib%3DeyJ2IjoiMSJ9.ysANKtEHO-LmNym9ubssRUDud0UNVNnhP6K3fZFuhe2Cjn5tutqX3Hp73BFuvL8opSIPcUexI98abRJPB0yE9XSWqQ8VFmWXl3eL2Ri0z1-ejcqCxs5gg7G4LIFh5zqqw7MeXQto-u5PKGtDbQWNiDSxx5qxcahAYxYojTyxt1P6xRYsezpAJ5DrUBZWkgZ6LqDc2a4RYch6EKz486I7NRqssRmCNJcJRw3446y5Aki3LvsSIDDIL5KELFID3NXD8xVqk9g16nWDYbO-kPgxKg._O09D-RQheAw9knIRW1wTh4SI1SQVfNKlsPiybAaRCE%26dib_tag%3Dse%26keywords%3DAohata%2BSpoon%2BFree%2BStrawberry%2BJam%2B165g%25E3%2580%2590Direct%2Bfrom%2BJapan%25E3%2580%2591%26qid%3D1786962948%26refinements%3Dp_90%253A3428068051%26rnid%3D3428066051%26sprefix%3D%252Caps%252C658%26sr%3D8-22-spons%26sp_csd%3Dd2lkZ2V0TmFtZT1zcF9idGY%26psc%3D1#customerReviews","- スプレッド","https://www.amazon.co.jp/gp/bestsellers/food-beverage/71165051/ref=top_seller_insight_3","https://www.amazon.co.jp/sspa/click?ie=UTF8&spc=MTozMjIzOTQ4MTU3NDg5MDkxOjE3ODY5NjI5NDg6c3BfYnRmOjMwMDE0NjgyMDA3NTk2Mjo6MDo6&url=%2F%25E3%2582%25A2%25E3%2583%25B2%25E3%2583%258F%25E3%2582%25BF-%25E3%2583%25B4%25E3%2582%25A7%25E3%2583%25AB%25E3%2583%2587-%25E3%2583%259F%25E3%2583%25AB%25E3%2582%25AD%25E3%2583%25BC%25E3%2583%259B%25E3%2582%25A4%25E3%2583%2583%25E3%2583%2597-%25E3%2581%2584%25E3%2581%25A1%25E3%2581%2594%25E5%2591%25B3-80g%2Fdp%2FB0DTHD5K1T%2Fref%3Dsr_1_22_sspa%3F__mk_ja_JP%3D%25E3%2582%25AB%25E3%2582%25BF%25E3%2582%25AB%25E3%2583%258A%26crid%3DVB9OJ21NIMJU%26dd%3DXezg5WjvpZlgzhUoPuoCtg%252C%252C%26dib%3DeyJ2IjoiMSJ9.ysANKtEHO-LmNym9ubssRUDud0UNVNnhP6K3fZFuhe2Cjn5tutqX3Hp73BFuvL8opSIPcUexI98abRJPB0yE9XSWqQ8VFmWXl3eL2Ri0z1-ejcqCxs5gg7G4LIFh5zqqw7MeXQto-u5PKGtDbQWNiDSxx5qxcahAYxYojTyxt1P6xRYsezpAJ5DrUBZWkgZ6LqDc2a4RYch6EKz486I7NRqssRmCNJcJRw3446y5Aki3LvsSIDDIL5KELFID3NXD8xVqk9g16nWDYbO-kPgxKg._O09D-RQheAw9knIRW1wTh4SI1SQVfNKlsPiybAaRCE%26dib_tag%3Dse%26keywords%3DAohata%2BSpoon%2BFree%2BStrawberry%2BJam%2B165g%25E3%2580%2590Direct%2Bfrom%2BJapan%25E3%2580%2591%26qid%3D1786962948%26refinements%3Dp_90%253A3428068051%26rnid%3D3428066051%26sprefix%3D%252Caps%252C658%26sr%3D8-22-spons%26sp_csd%3Dd2lkZ2V0TmFtZT1zcF9idGY%26psc%3D1","￥1,196","1,196","12ポイント(1%)","￥299","","5点以上まとめ買いで2%ポイント還元","",""