"a-link-normal href","s-image src","a-size-base-plus","a-size-small","a-popover-trigger href","a-icon-alt","a-link-normal href 3","a-size-mini","a-link-normal href 4","a-offscreen","a-price-whole","a-size-base","a-size-base 2","a-column 3","a-link-normal href 5","s-image src 2","a-size-medium-plus","a-size-base 3","a-size-base 4","a-size-base href"
"https://www.amazon.co.jp/KKHMF-8%E3%83%81%E3%83%A3%E3%83%B3%E3%83%8D%E3%83%AB-USB%E3%83%AD%E3%82%B8%E3%83%83%E3%82%AF%E3%82%A2%E3%83%8A%E3%83%A9%E3%82%A4%E3%82%B6-8CH%E3%83%AD%E3%82%B8%E3%83%83%E3%82%AF%E3%82%A2%E3%83%8A%E3%83%A9%E3%82%A4%E3%82%B6-ARM%E3%81%AB%E5%AF%BE%E5%BF%9C/dp/B078P8GQSQ/ref=sr_1_5?__mk_ja_JP=%E3%82%AB%E3%82%BF%E3%82%AB%E3%83%8A&dd=AxFid_W0z8lBlv6w9FRH4w%2C%2C&dib=eyJ2IjoiMSJ9.rcsVLG2G0NgtlLcj66uIrzsuxK-W1zDgGZrLQwEmW_O4FnYizZeoHRu3ToXHMjfQsu4ORZG6I2m8acQZ3guLz-T_uvHMaiubh5UkIiQy2Hd93NPmp2ov7zr0K7ZgOW713MVuEucJ0Y0xadIZJoqoZxj-Ai5bhedxCqxfoOwKfLwDmvoZMa1zdff-oOXHm1Lsqfwg6TcqF3W1_lRLRWhLhFbaPVgx-P4pgIvpz-6BjRGeaJONFM7g2mfNm3Sz0mGqz2fhhw5CP6N9DXyTudEG1QJ6eL8dN_cAi_qnQsdffTw.1jDdXYrZ4-lPwm5PnmnVr3BT3jPDOvSbgASkoIcG4kw&dib_tag=se&keywords=%E3%83%AD%E3%82%B8%E3%83%83%E3%82%AF%E3%82%A2%E3%83%8A%E3%83%A9%E3%82%A4%E3%82%B6&qid=1788594447&refinements=p_90%3A3428068051&rnid=3428066051&sr=8-5&ufe=app_do%3Aamzn1.fos.35785624-70c4-44ae-a5c3-3f044f475d63","https://m.media-amazon.com/images/W/BW_MEDIAX_AVIF_MEASUREMENT_1306696-T3/images/I/610LegWQ4SL._AC_UL320_.jpg","24MHz 8チャンネル USBロジックアナライザ 8CHロジックアナライザ UART IIC SPI デバッグ MCU FPGA ARMに対応 「国内配送」","3.9","javascript:void(0)","5つ星のうち3.9","https://www.amazon.co.jp/KKHMF-8%E3%83%81%E3%83%A3%E3%83%B3%E3%83%8D%E3%83%AB-USB%E3%83%AD%E3%82%B8%E3%83%83%E3%82%AF%E3%82%A2%E3%83%8A%E3%83%A9%E3%82%A4%E3%82%B6-8CH%E3%83%AD%E3%82%B8%E3%83%83%E3%82%AF%E3%82%A2%E3%83%8A%E3%83%A9%E3%82%A4%E3%82%B6-ARM%E3%81%AB%E5%AF%BE%E5%BF%9C/dp/B078P8GQSQ/ref=sr_1_5?__mk_ja_JP=%E3%82%AB%E3%82%BF%E3%82%AB%E3%83%8A&dd=AxFid_W0z8lBlv6w9FRH4w%2C%2C&dib=eyJ2IjoiMSJ9.rcsVLG2G0NgtlLcj66uIrzsuxK-W1zDgGZrLQwEmW_O4FnYizZeoHRu3ToXHMjfQsu4ORZG6I2m8acQZ3guLz-T_uvHMaiubh5UkIiQy2Hd93NPmp2ov7zr0K7ZgOW713MVuEucJ0Y0xadIZJoqoZxj-Ai5bhedxCqxfoOwKfLwDmvoZMa1zdff-oOXHm1Lsqfwg6TcqF3W1_lRLRWhLhFbaPVgx-P4pgIvpz-6BjRGeaJONFM7g2mfNm3Sz0mGqz2fhhw5CP6N9DXyTudEG1QJ6eL8dN_cAi_qnQsdffTw.1jDdXYrZ4-lPwm5PnmnVr3BT3jPDOvSbgASkoIcG4kw&dib_tag=se&keywords=%E3%83%AD%E3%82%B8%E3%83%83%E3%82%AF%E3%82%A2%E3%83%8A%E3%83%A9%E3%82%A4%E3%82%B6&qid=1788594447&refinements=p_90%3A3428068051&rnid=3428066051&sr=8-5&ufe=app_do%3Aamzn1.fos.35785624-70c4-44ae-a5c3-3f044f475d63#customerReviews","(87)","https://www.amazon.co.jp/KKHMF-8%E3%83%81%E3%83%A3%E3%83%B3%E3%83%8D%E3%83%AB-USB%E3%83%AD%E3%82%B8%E3%83%83%E3%82%AF%E3%82%A2%E3%83%8A%E3%83%A9%E3%82%A4%E3%82%B6-8CH%E3%83%AD%E3%82%B8%E3%83%83%E3%82%AF%E3%82%A2%E3%83%8A%E3%83%A9%E3%82%A4%E3%82%B6-ARM%E3%81%AB%E5%AF%BE%E5%BF%9C/dp/B078P8GQSQ/ref=sr_1_5?__mk_ja_JP=%E3%82%AB%E3%82%BF%E3%82%AB%E3%83%8A&dd=AxFid_W0z8lBlv6w9FRH4w%2C%2C&dib=eyJ2IjoiMSJ9.rcsVLG2G0NgtlLcj66uIrzsuxK-W1zDgGZrLQwEmW_O4FnYizZeoHRu3ToXHMjfQsu4ORZG6I2m8acQZ3guLz-T_uvHMaiubh5UkIiQy2Hd93NPmp2ov7zr0K7ZgOW713MVuEucJ0Y0xadIZJoqoZxj-Ai5bhedxCqxfoOwKfLwDmvoZMa1zdff-oOXHm1Lsqfwg6TcqF3W1_lRLRWhLhFbaPVgx-P4pgIvpz-6BjRGeaJONFM7g2mfNm3Sz0mGqz2fhhw5CP6N9DXyTudEG1QJ6eL8dN_cAi_qnQsdffTw.1jDdXYrZ4-lPwm5PnmnVr3BT3jPDOvSbgASkoIcG4kw&dib_tag=se&keywords=%E3%83%AD%E3%82%B8%E3%83%83%E3%82%AF%E3%82%A2%E3%83%8A%E3%83%A9%E3%82%A4%E3%82%B6&qid=1788594447&refinements=p_90%3A3428068051&rnid=3428066051&sr=8-5&ufe=app_do%3Aamzn1.fos.35785624-70c4-44ae-a5c3-3f044f475d63","￥1,499","1,499","15ポイント(1%)","ダブルポイント","または 無料配送 にお届け Amazonが発送する商品を￥3,500以上の注文","","","","","",""
"https://www.amazon.co.jp/KeeYees-USB%E3%83%AD%E3%82%B8%E3%83%83%E3%82%AF%E3%82%A2%E3%83%8A%E3%83%A9%E3%82%A4%E3%82%B6-%E3%83%86%E3%82%B9%E3%83%88%E3%83%95%E3%83%83%E3%82%AF%E3%82%AF%E3%83%AA%E3%83%83%E3%83%97%E4%BB%98%E3%81%8D-USB%E3%82%B1%E3%83%BC%E3%83%96%E3%83%AB%E4%BB%98%E3%81%8D-Arduino%E3%81%AB%E5%AF%BE%E5%BF%9C/dp/B07RKLKQ4B/ref=sr_1_6?__mk_ja_JP=%E3%82%AB%E3%82%BF%E3%82%AB%E3%83%8A&dd=AxFid_W0z8lBlv6w9FRH4w%2C%2C&dib=eyJ2IjoiMSJ9.rcsVLG2G0NgtlLcj66uIrzsuxK-W1zDgGZrLQwEmW_O4FnYizZeoHRu3ToXHMjfQsu4ORZG6I2m8acQZ3guLz-T_uvHMaiubh5UkIiQy2Hd93NPmp2ov7zr0K7ZgOW713MVuEucJ0Y0xadIZJoqoZxj-Ai5bhedxCqxfoOwKfLwDmvoZMa1zdff-oOXHm1Lsqfwg6TcqF3W1_lRLRWhLhFbaPVgx-P4pgIvpz-6BjRGeaJONFM7g2mfNm3Sz0mGqz2fhhw5CP6N9DXyTudEG1QJ6eL8dN_cAi_qnQsdffTw.1jDdXYrZ4-lPwm5PnmnVr3BT3jPDOvSbgASkoIcG4kw&dib_tag=se&keywords=%E3%83%AD%E3%82%B8%E3%83%83%E3%82%AF%E3%82%A2%E3%83%8A%E3%83%A9%E3%82%A4%E3%82%B6&qid=1788594447&refinements=p_90%3A3428068051&rnid=3428066051&sr=8-6&ufe=app_do%3Aamzn1.fos.35785624-70c4-44ae-a5c3-3f044f475d63","https://m.media-amazon.com/images/W/BW_MEDIAX_AVIF_MEASUREMENT_1306696-T3/images/I/61PzbtNRVqL._AC_UL320_.jpg","USBロジックアナライザ 24MHz 8チャンネル テストフッククリップ付き USBケーブル付き 8CH UART IIC SPI ARMに対応 FPGAに対応 M100 SCMに対応","3.6","javascript:void(0)","5つ星のうち3.6","https://www.amazon.co.jp/KeeYees-USB%E3%83%AD%E3%82%B8%E3%83%83%E3%82%AF%E3%82%A2%E3%83%8A%E3%83%A9%E3%82%A4%E3%82%B6-%E3%83%86%E3%82%B9%E3%83%88%E3%83%95%E3%83%83%E3%82%AF%E3%82%AF%E3%83%AA%E3%83%83%E3%83%97%E4%BB%98%E3%81%8D-USB%E3%82%B1%E3%83%BC%E3%83%96%E3%83%AB%E4%BB%98%E3%81%8D-Arduino%E3%81%AB%E5%AF%BE%E5%BF%9C/dp/B07RKLKQ4B/ref=sr_1_6?__mk_ja_JP=%E3%82%AB%E3%82%BF%E3%82%AB%E3%83%8A&dd=AxFid_W0z8lBlv6w9FRH4w%2C%2C&dib=eyJ2IjoiMSJ9.rcsVLG2G0NgtlLcj66uIrzsuxK-W1zDgGZrLQwEmW_O4FnYizZeoHRu3ToXHMjfQsu4ORZG6I2m8acQZ3guLz-T_uvHMaiubh5UkIiQy2Hd93NPmp2ov7zr0K7ZgOW713MVuEucJ0Y0xadIZJoqoZxj-Ai5bhedxCqxfoOwKfLwDmvoZMa1zdff-oOXHm1Lsqfwg6TcqF3W1_lRLRWhLhFbaPVgx-P4pgIvpz-6BjRGeaJONFM7g2mfNm3Sz0mGqz2fhhw5CP6N9DXyTudEG1QJ6eL8dN_cAi_qnQsdffTw.1jDdXYrZ4-lPwm5PnmnVr3BT3jPDOvSbgASkoIcG4kw&dib_tag=se&keywords=%E3%83%AD%E3%82%B8%E3%83%83%E3%82%AF%E3%82%A2%E3%83%8A%E3%83%A9%E3%82%A4%E3%82%B6&qid=1788594447&refinements=p_90%3A3428068051&rnid=3428066051&sr=8-6&ufe=app_do%3Aamzn1.fos.35785624-70c4-44ae-a5c3-3f044f475d63#customerReviews","(79)","https://www.amazon.co.jp/KeeYees-USB%E3%83%AD%E3%82%B8%E3%83%83%E3%82%AF%E3%82%A2%E3%83%8A%E3%83%A9%E3%82%A4%E3%82%B6-%E3%83%86%E3%82%B9%E3%83%88%E3%83%95%E3%83%83%E3%82%AF%E3%82%AF%E3%83%AA%E3%83%83%E3%83%97%E4%BB%98%E3%81%8D-USB%E3%82%B1%E3%83%BC%E3%83%96%E3%83%AB%E4%BB%98%E3%81%8D-Arduino%E3%81%AB%E5%AF%BE%E5%BF%9C/dp/B07RKLKQ4B/ref=sr_1_6?__mk_ja_JP=%E3%82%AB%E3%82%BF%E3%82%AB%E3%83%8A&dd=AxFid_W0z8lBlv6w9FRH4w%2C%2C&dib=eyJ2IjoiMSJ9.rcsVLG2G0NgtlLcj66uIrzsuxK-W1zDgGZrLQwEmW_O4FnYizZeoHRu3ToXHMjfQsu4ORZG6I2m8acQZ3guLz-T_uvHMaiubh5UkIiQy2Hd93NPmp2ov7zr0K7ZgOW713MVuEucJ0Y0xadIZJoqoZxj-Ai5bhedxCqxfoOwKfLwDmvoZMa1zdff-oOXHm1Lsqfwg6TcqF3W1_lRLRWhLhFbaPVgx-P4pgIvpz-6BjRGeaJONFM7g2mfNm3Sz0mGqz2fhhw5CP6N9DXyTudEG1QJ6eL8dN_cAi_qnQsdffTw.1jDdXYrZ4-lPwm5PnmnVr3BT3jPDOvSbgASkoIcG4kw&dib_tag=se&keywords=%E3%83%AD%E3%82%B8%E3%83%83%E3%82%AF%E3%82%A2%E3%83%8A%E3%83%A9%E3%82%A4%E3%82%B6&qid=1788594447&refinements=p_90%3A3428068051&rnid=3428066051&sr=8-6&ufe=app_do%3Aamzn1.fos.35785624-70c4-44ae-a5c3-3f044f475d63","￥1,680","1,680","17ポイント(1%)","ダブルポイント","または 無料配送 にお届け Amazonが発送する商品を￥3,500以上の注文","","","","","",""
"https://www.amazon.co.jp/Youmile-%E3%82%A2%E3%83%8A%E3%83%A9%E3%82%A4%E3%82%B68%E3%83%81%E3%83%A3%E3%83%B3%E3%83%8D%E3%83%AB-%E3%82%A4%E3%83%B3%E3%82%BF%E3%83%BC%E3%83%95%E3%82%A7%E3%83%BC%E3%82%B9-%E3%83%9E%E3%82%A4%E3%82%AF%E3%83%AD%E3%82%B3%E3%83%B3%E3%83%88%E3%83%AD%E3%83%BC%E3%83%A9-ebugging/dp/B0CD78K2XH/ref=sr_1_7?__mk_ja_JP=%E3%82%AB%E3%82%BF%E3%82%AB%E3%83%8A&dd=AxFid_W0z8lBlv6w9FRH4w%2C%2C&dib=eyJ2IjoiMSJ9.rcsVLG2G0NgtlLcj66uIrzsuxK-W1zDgGZrLQwEmW_O4FnYizZeoHRu3ToXHMjfQsu4ORZG6I2m8acQZ3guLz-T_uvHMaiubh5UkIiQy2Hd93NPmp2ov7zr0K7ZgOW713MVuEucJ0Y0xadIZJoqoZxj-Ai5bhedxCqxfoOwKfLwDmvoZMa1zdff-oOXHm1Lsqfwg6TcqF3W1_lRLRWhLhFbaPVgx-P4pgIvpz-6BjRGeaJONFM7g2mfNm3Sz0mGqz2fhhw5CP6N9DXyTudEG1QJ6eL8dN_cAi_qnQsdffTw.1jDdXYrZ4-lPwm5PnmnVr3BT3jPDOvSbgASkoIcG4kw&dib_tag=se&keywords=%E3%83%AD%E3%82%B8%E3%83%83%E3%82%AF%E3%82%A2%E3%83%8A%E3%83%A9%E3%82%A4%E3%82%B6&qid=1788594447&refinements=p_90%3A3428068051&rnid=3428066051&sr=8-7&ufe=app_do%3Aamzn1.fos.35785624-70c4-44ae-a5c3-3f044f475d63","https://m.media-amazon.com/images/W/BW_MEDIAX_AVIF_MEASUREMENT_1306696-T3/images/I/719BOAU1W+L._AC_UL320_.jpg","USB ロジック アナライザ8チャンネル 24MHZ Type-C インターフェース マイクロコントローラ ebugging プロトコル解析 ARM FPGA USB - Type-cケーブル付き テストフッククリップ デュポンケーブル","4.5","javascript:void(0)","5つ星のうち4.5","https://www.amazon.co.jp/Youmile-%E3%82%A2%E3%83%8A%E3%83%A9%E3%82%A4%E3%82%B68%E3%83%81%E3%83%A3%E3%83%B3%E3%83%8D%E3%83%AB-%E3%82%A4%E3%83%B3%E3%82%BF%E3%83%BC%E3%83%95%E3%82%A7%E3%83%BC%E3%82%B9-%E3%83%9E%E3%82%A4%E3%82%AF%E3%83%AD%E3%82%B3%E3%83%B3%E3%83%88%E3%83%AD%E3%83%BC%E3%83%A9-ebugging/dp/B0CD78K2XH/ref=sr_1_7?__mk_ja_JP=%E3%82%AB%E3%82%BF%E3%82%AB%E3%83%8A&dd=AxFid_W0z8lBlv6w9FRH4w%2C%2C&dib=eyJ2IjoiMSJ9.rcsVLG2G0NgtlLcj66uIrzsuxK-W1zDgGZrLQwEmW_O4FnYizZeoHRu3ToXHMjfQsu4ORZG6I2m8acQZ3guLz-T_uvHMaiubh5UkIiQy2Hd93NPmp2ov7zr0K7ZgOW713MVuEucJ0Y0xadIZJoqoZxj-Ai5bhedxCqxfoOwKfLwDmvoZMa1zdff-oOXHm1Lsqfwg6TcqF3W1_lRLRWhLhFbaPVgx-P4pgIvpz-6BjRGeaJONFM7g2mfNm3Sz0mGqz2fhhw5CP6N9DXyTudEG1QJ6eL8dN_cAi_qnQsdffTw.1jDdXYrZ4-lPwm5PnmnVr3BT3jPDOvSbgASkoIcG4kw&dib_tag=se&keywords=%E3%83%AD%E3%82%B8%E3%83%83%E3%82%AF%E3%82%A2%E3%83%8A%E3%83%A9%E3%82%A4%E3%82%B6&qid=1788594447&refinements=p_90%3A3428068051&rnid=3428066051&sr=8-7&ufe=app_do%3Aamzn1.fos.35785624-70c4-44ae-a5c3-3f044f475d63#customerReviews","(17)","https://www.amazon.co.jp/Youmile-%E3%82%A2%E3%83%8A%E3%83%A9%E3%82%A4%E3%82%B68%E3%83%81%E3%83%A3%E3%83%B3%E3%83%8D%E3%83%AB-%E3%82%A4%E3%83%B3%E3%82%BF%E3%83%BC%E3%83%95%E3%82%A7%E3%83%BC%E3%82%B9-%E3%83%9E%E3%82%A4%E3%82%AF%E3%83%AD%E3%82%B3%E3%83%B3%E3%83%88%E3%83%AD%E3%83%BC%E3%83%A9-ebugging/dp/B0CD78K2XH/ref=sr_1_7?__mk_ja_JP=%E3%82%AB%E3%82%BF%E3%82%AB%E3%83%8A&dd=AxFid_W0z8lBlv6w9FRH4w%2C%2C&dib=eyJ2IjoiMSJ9.rcsVLG2G0NgtlLcj66uIrzsuxK-W1zDgGZrLQwEmW_O4FnYizZeoHRu3ToXHMjfQsu4ORZG6I2m8acQZ3guLz-T_uvHMaiubh5UkIiQy2Hd93NPmp2ov7zr0K7ZgOW713MVuEucJ0Y0xadIZJoqoZxj-Ai5bhedxCqxfoOwKfLwDmvoZMa1zdff-oOXHm1Lsqfwg6TcqF3W1_lRLRWhLhFbaPVgx-P4pgIvpz-6BjRGeaJONFM7g2mfNm3Sz0mGqz2fhhw5CP6N9DXyTudEG1QJ6eL8dN_cAi_qnQsdffTw.1jDdXYrZ4-lPwm5PnmnVr3BT3jPDOvSbgASkoIcG4kw&dib_tag=se&keywords=%E3%83%AD%E3%82%B8%E3%83%83%E3%82%AF%E3%82%A2%E3%83%8A%E3%83%A9%E3%82%A4%E3%82%B6&qid=1788594447&refinements=p_90%3A3428068051&rnid=3428066051&sr=8-7&ufe=app_do%3Aamzn1.fos.35785624-70c4-44ae-a5c3-3f044f475d63","￥2,329","2,329","23ポイント(1%)","ダブルポイント","または 無料配送 にお届け Amazonが発送する商品を￥3,500以上の注文","","","","","",""
"https://www.amazon.co.jp/DAOKAI-USB%E3%83%AD%E3%82%B8%E3%83%83%E3%82%AF%E3%82%A2%E3%83%8A%E3%83%A9%E3%82%A4%E3%82%B6-%E3%82%AD%E3%83%83%E3%83%88USB%E3%82%B1%E3%83%BC%E3%83%96%E3%83%AB-8%E3%83%81%E3%83%A3%E3%83%B3%E3%83%8D%E3%83%ABUART-6%E8%89%B2%E3%83%86%E3%82%B9%E3%83%88%E3%83%95%E3%83%83%E3%82%AF%E3%82%AF%E3%83%AA%E3%83%83%E3%83%97%E3%82%BB%E3%83%83%E3%83%88%E3%83%9F%E3%83%8B%E3%81%A8USB%E3%82%B1%E3%83%BC%E3%83%96%E3%83%AB%E3%83%87%E3%83%A5%E3%83%9D%E3%83%B3%E3%82%B1%E3%83%BC%E3%83%96%E3%83%AB/dp/B0CP952357/ref=sr_1_8?__mk_ja_JP=%E3%82%AB%E3%82%BF%E3%82%AB%E3%83%8A&dd=AxFid_W0z8lBlv6w9FRH4w%2C%2C&dib=eyJ2IjoiMSJ9.rcsVLG2G0NgtlLcj66uIrzsuxK-W1zDgGZrLQwEmW_O4FnYizZeoHRu3ToXHMjfQsu4ORZG6I2m8acQZ3guLz-T_uvHMaiubh5UkIiQy2Hd93NPmp2ov7zr0K7ZgOW713MVuEucJ0Y0xadIZJoqoZxj-Ai5bhedxCqxfoOwKfLwDmvoZMa1zdff-oOXHm1Lsqfwg6TcqF3W1_lRLRWhLhFbaPVgx-P4pgIvpz-6BjRGeaJONFM7g2mfNm3Sz0mGqz2fhhw5CP6N9DXyTudEG1QJ6eL8dN_cAi_qnQsdffTw.1jDdXYrZ4-lPwm5PnmnVr3BT3jPDOvSbgASkoIcG4kw&dib_tag=se&keywords=%E3%83%AD%E3%82%B8%E3%83%83%E3%82%AF%E3%82%A2%E3%83%8A%E3%83%A9%E3%82%A4%E3%82%B6&qid=1788594447&refinements=p_90%3A3428068051&rnid=3428066051&sr=8-8&ufe=app_do%3Aamzn1.fos.35785624-70c4-44ae-a5c3-3f044f475d63","https://m.media-amazon.com/images/W/BW_MEDIAX_AVIF_MEASUREMENT_1306696-T3/images/I/6155od8hdKL._AC_UL320_.jpg","USBロジックアナライザ キットUSBケーブル 24MHz 8CH 24MHz 8チャンネルUART IIC SPIデバッグ 6色テストフッククリップセットミニとUSBケーブルデュポンケーブル for Arduino FPGA M100 SCM用","4.3","javascript:void(0)","5つ星のうち4.3","https://www.amazon.co.jp/DAOKAI-USB%E3%83%AD%E3%82%B8%E3%83%83%E3%82%AF%E3%82%A2%E3%83%8A%E3%83%A9%E3%82%A4%E3%82%B6-%E3%82%AD%E3%83%83%E3%83%88USB%E3%82%B1%E3%83%BC%E3%83%96%E3%83%AB-8%E3%83%81%E3%83%A3%E3%83%B3%E3%83%8D%E3%83%ABUART-6%E8%89%B2%E3%83%86%E3%82%B9%E3%83%88%E3%83%95%E3%83%83%E3%82%AF%E3%82%AF%E3%83%AA%E3%83%83%E3%83%97%E3%82%BB%E3%83%83%E3%83%88%E3%83%9F%E3%83%8B%E3%81%A8USB%E3%82%B1%E3%83%BC%E3%83%96%E3%83%AB%E3%83%87%E3%83%A5%E3%83%9D%E3%83%B3%E3%82%B1%E3%83%BC%E3%83%96%E3%83%AB/dp/B0CP952357/ref=sr_1_8?__mk_ja_JP=%E3%82%AB%E3%82%BF%E3%82%AB%E3%83%8A&dd=AxFid_W0z8lBlv6w9FRH4w%2C%2C&dib=eyJ2IjoiMSJ9.rcsVLG2G0NgtlLcj66uIrzsuxK-W1zDgGZrLQwEmW_O4FnYizZeoHRu3ToXHMjfQsu4ORZG6I2m8acQZ3guLz-T_uvHMaiubh5UkIiQy2Hd93NPmp2ov7zr0K7ZgOW713MVuEucJ0Y0xadIZJoqoZxj-Ai5bhedxCqxfoOwKfLwDmvoZMa1zdff-oOXHm1Lsqfwg6TcqF3W1_lRLRWhLhFbaPVgx-P4pgIvpz-6BjRGeaJONFM7g2mfNm3Sz0mGqz2fhhw5CP6N9DXyTudEG1QJ6eL8dN_cAi_qnQsdffTw.1jDdXYrZ4-lPwm5PnmnVr3BT3jPDOvSbgASkoIcG4kw&dib_tag=se&keywords=%E3%83%AD%E3%82%B8%E3%83%83%E3%82%AF%E3%82%A2%E3%83%8A%E3%83%A9%E3%82%A4%E3%82%B6&qid=1788594447&refinements=p_90%3A3428068051&rnid=3428066051&sr=8-8&ufe=app_do%3Aamzn1.fos.35785624-70c4-44ae-a5c3-3f044f475d63#customerReviews","(18)","https://www.amazon.co.jp/DAOKAI-USB%E3%83%AD%E3%82%B8%E3%83%83%E3%82%AF%E3%82%A2%E3%83%8A%E3%83%A9%E3%82%A4%E3%82%B6-%E3%82%AD%E3%83%83%E3%83%88USB%E3%82%B1%E3%83%BC%E3%83%96%E3%83%AB-8%E3%83%81%E3%83%A3%E3%83%B3%E3%83%8D%E3%83%ABUART-6%E8%89%B2%E3%83%86%E3%82%B9%E3%83%88%E3%83%95%E3%83%83%E3%82%AF%E3%82%AF%E3%83%AA%E3%83%83%E3%83%97%E3%82%BB%E3%83%83%E3%83%88%E3%83%9F%E3%83%8B%E3%81%A8USB%E3%82%B1%E3%83%BC%E3%83%96%E3%83%AB%E3%83%87%E3%83%A5%E3%83%9D%E3%83%B3%E3%82%B1%E3%83%BC%E3%83%96%E3%83%AB/dp/B0CP952357/ref=sr_1_8?__mk_ja_JP=%E3%82%AB%E3%82%BF%E3%82%AB%E3%83%8A&dd=AxFid_W0z8lBlv6w9FRH4w%2C%2C&dib=eyJ2IjoiMSJ9.rcsVLG2G0NgtlLcj66uIrzsuxK-W1zDgGZrLQwEmW_O4FnYizZeoHRu3ToXHMjfQsu4ORZG6I2m8acQZ3guLz-T_uvHMaiubh5UkIiQy2Hd93NPmp2ov7zr0K7ZgOW713MVuEucJ0Y0xadIZJoqoZxj-Ai5bhedxCqxfoOwKfLwDmvoZMa1zdff-oOXHm1Lsqfwg6TcqF3W1_lRLRWhLhFbaPVgx-P4pgIvpz-6BjRGeaJONFM7g2mfNm3Sz0mGqz2fhhw5CP6N9DXyTudEG1QJ6eL8dN_cAi_qnQsdffTw.1jDdXYrZ4-lPwm5PnmnVr3BT3jPDOvSbgASkoIcG4kw&dib_tag=se&keywords=%E3%83%AD%E3%82%B8%E3%83%83%E3%82%AF%E3%82%A2%E3%83%8A%E3%83%A9%E3%82%A4%E3%82%B6&qid=1788594447&refinements=p_90%3A3428068051&rnid=3428066051&sr=8-8&ufe=app_do%3Aamzn1.fos.35785624-70c4-44ae-a5c3-3f044f475d63","￥2,069","2,069","21ポイント(1%)","ダブルポイント","または 無料配送 にお届け Amazonが発送する商品を￥3,500以上の注文","","","","","",""
"https://www.amazon.co.jp/LA1010-%E3%82%B5%E3%83%B3%E3%83%97%E3%83%AB%E3%83%AC%E3%83%BC%E3%83%88-16%E3%83%81%E3%83%A3%E3%83%B3%E3%83%8D%E3%83%AB-10B%E3%82%B5%E3%83%B3%E3%83%97%E3%83%AB-%E3%83%87%E3%83%90%E3%83%83%E3%82%B0%E3%83%84%E3%83%BC%E3%83%AB/dp/B078Y8BKKK/ref=sr_1_9?__mk_ja_JP=%E3%82%AB%E3%82%BF%E3%82%AB%E3%83%8A&dd=AxFid_W0z8lBlv6w9FRH4w%2C%2C&dib=eyJ2IjoiMSJ9.rcsVLG2G0NgtlLcj66uIrzsuxK-W1zDgGZrLQwEmW_O4FnYizZeoHRu3ToXHMjfQsu4ORZG6I2m8acQZ3guLz-T_uvHMaiubh5UkIiQy2Hd93NPmp2ov7zr0K7ZgOW713MVuEucJ0Y0xadIZJoqoZxj-Ai5bhedxCqxfoOwKfLwDmvoZMa1zdff-oOXHm1Lsqfwg6TcqF3W1_lRLRWhLhFbaPVgx-P4pgIvpz-6BjRGeaJONFM7g2mfNm3Sz0mGqz2fhhw5CP6N9DXyTudEG1QJ6eL8dN_cAi_qnQsdffTw.1jDdXYrZ4-lPwm5PnmnVr3BT3jPDOvSbgASkoIcG4kw&dib_tag=se&keywords=%E3%83%AD%E3%82%B8%E3%83%83%E3%82%AF%E3%82%A2%E3%83%8A%E3%83%A9%E3%82%A4%E3%82%B6&qid=1788594447&refinements=p_90%3A3428068051&rnid=3428066051&sr=8-9&ufe=app_do%3Aamzn1.fos.35785624-70c4-44ae-a5c3-3f044f475d63","https://m.media-amazon.com/images/W/BW_MEDIAX_AVIF_MEASUREMENT_1306696-T3/images/I/617IjNkktdL._AC_UL320_.jpg","Kingst LA1010 USB ロジック アナライザ 100M 最大 サンプルレート 16チャンネル 10Bサンプル MCU ARM FPGA デバッグツール 日本語説明書付き","4.0","javascript:void(0)","5つ星のうち4.0","https://www.amazon.co.jp/LA1010-%E3%82%B5%E3%83%B3%E3%83%97%E3%83%AB%E3%83%AC%E3%83%BC%E3%83%88-16%E3%83%81%E3%83%A3%E3%83%B3%E3%83%8D%E3%83%AB-10B%E3%82%B5%E3%83%B3%E3%83%97%E3%83%AB-%E3%83%87%E3%83%90%E3%83%83%E3%82%B0%E3%83%84%E3%83%BC%E3%83%AB/dp/B078Y8BKKK/ref=sr_1_9?__mk_ja_JP=%E3%82%AB%E3%82%BF%E3%82%AB%E3%83%8A&dd=AxFid_W0z8lBlv6w9FRH4w%2C%2C&dib=eyJ2IjoiMSJ9.rcsVLG2G0NgtlLcj66uIrzsuxK-W1zDgGZrLQwEmW_O4FnYizZeoHRu3ToXHMjfQsu4ORZG6I2m8acQZ3guLz-T_uvHMaiubh5UkIiQy2Hd93NPmp2ov7zr0K7ZgOW713MVuEucJ0Y0xadIZJoqoZxj-Ai5bhedxCqxfoOwKfLwDmvoZMa1zdff-oOXHm1Lsqfwg6TcqF3W1_lRLRWhLhFbaPVgx-P4pgIvpz-6BjRGeaJONFM7g2mfNm3Sz0mGqz2fhhw5CP6N9DXyTudEG1QJ6eL8dN_cAi_qnQsdffTw.1jDdXYrZ4-lPwm5PnmnVr3BT3jPDOvSbgASkoIcG4kw&dib_tag=se&keywords=%E3%83%AD%E3%82%B8%E3%83%83%E3%82%AF%E3%82%A2%E3%83%8A%E3%83%A9%E3%82%A4%E3%82%B6&qid=1788594447&refinements=p_90%3A3428068051&rnid=3428066051&sr=8-9&ufe=app_do%3Aamzn1.fos.35785624-70c4-44ae-a5c3-3f044f475d63#customerReviews","(19)","https://www.amazon.co.jp/LA1010-%E3%82%B5%E3%83%B3%E3%83%97%E3%83%AB%E3%83%AC%E3%83%BC%E3%83%88-16%E3%83%81%E3%83%A3%E3%83%B3%E3%83%8D%E3%83%AB-10B%E3%82%B5%E3%83%B3%E3%83%97%E3%83%AB-%E3%83%87%E3%83%90%E3%83%83%E3%82%B0%E3%83%84%E3%83%BC%E3%83%AB/dp/B078Y8BKKK/ref=sr_1_9?__mk_ja_JP=%E3%82%AB%E3%82%BF%E3%82%AB%E3%83%8A&dd=AxFid_W0z8lBlv6w9FRH4w%2C%2C&dib=eyJ2IjoiMSJ9.rcsVLG2G0NgtlLcj66uIrzsuxK-W1zDgGZrLQwEmW_O4FnYizZeoHRu3ToXHMjfQsu4ORZG6I2m8acQZ3guLz-T_uvHMaiubh5UkIiQy2Hd93NPmp2ov7zr0K7ZgOW713MVuEucJ0Y0xadIZJoqoZxj-Ai5bhedxCqxfoOwKfLwDmvoZMa1zdff-oOXHm1Lsqfwg6TcqF3W1_lRLRWhLhFbaPVgx-P4pgIvpz-6BjRGeaJONFM7g2mfNm3Sz0mGqz2fhhw5CP6N9DXyTudEG1QJ6eL8dN_cAi_qnQsdffTw.1jDdXYrZ4-lPwm5PnmnVr3BT3jPDOvSbgASkoIcG4kw&dib_tag=se&keywords=%E3%83%AD%E3%82%B8%E3%83%83%E3%82%AF%E3%82%A2%E3%83%8A%E3%83%A9%E3%82%A4%E3%82%B6&qid=1788594447&refinements=p_90%3A3428068051&rnid=3428066051&sr=8-9&ufe=app_do%3Aamzn1.fos.35785624-70c4-44ae-a5c3-3f044f475d63","￥13,833","13,833","残り13点 ご注文はお早めに","日本の中小企業","または 無料配送 にお届け","javascript:void(0)","https://m.media-amazon.com/images/I/111mHoVK0kL._SS200_.png","日本の中小企業","Amazonは日本の中小企業のブランドの商品を応援しています。食品から家電まで「日本の中小企業 応援ストア」を今すぐチェック。","詳細はこちら","https://www.amazon.co.jp/b?ie=UTF8&node=10450728051"
"https://www.amazon.co.jp/Youmile-%E3%83%AD%E3%82%B8%E3%83%83%E3%82%AF-%E3%82%A2%E3%83%8A%E3%83%A9%E3%82%A4%E3%82%B6-%E3%83%81%E3%83%A3%E3%83%B3%E3%83%8D%E3%83%AB-Arduino/dp/B09BTT94PC/ref=sr_1_10?__mk_ja_JP=%E3%82%AB%E3%82%BF%E3%82%AB%E3%83%8A&dd=AxFid_W0z8lBlv6w9FRH4w%2C%2C&dib=eyJ2IjoiMSJ9.rcsVLG2G0NgtlLcj66uIrzsuxK-W1zDgGZrLQwEmW_O4FnYizZeoHRu3ToXHMjfQsu4ORZG6I2m8acQZ3guLz-T_uvHMaiubh5UkIiQy2Hd93NPmp2ov7zr0K7ZgOW713MVuEucJ0Y0xadIZJoqoZxj-Ai5bhedxCqxfoOwKfLwDmvoZMa1zdff-oOXHm1Lsqfwg6TcqF3W1_lRLRWhLhFbaPVgx-P4pgIvpz-6BjRGeaJONFM7g2mfNm3Sz0mGqz2fhhw5CP6N9DXyTudEG1QJ6eL8dN_cAi_qnQsdffTw.1jDdXYrZ4-lPwm5PnmnVr3BT3jPDOvSbgASkoIcG4kw&dib_tag=se&keywords=%E3%83%AD%E3%82%B8%E3%83%83%E3%82%AF%E3%82%A2%E3%83%8A%E3%83%A9%E3%82%A4%E3%82%B6&qid=1788594447&refinements=p_90%3A3428068051&rnid=3428066051&sr=8-10&ufe=app_do%3Aamzn1.fos.35785624-70c4-44ae-a5c3-3f044f475d63","https://m.media-amazon.com/images/W/BW_MEDIAX_AVIF_MEASUREMENT_1306696-T3/images/I/61wCZ7IBLeL._AC_UL320_.jpg","USB ロジック アナライザ デバイス 24 MHz 8 チャンネル UART IIC SPI デバッグ ミニ usb ケーブル デュポン ケーブル 6 色テスト フック クリップ セット Arduino FPGA M100 SCM 用","4.0","javascript:void(0)","5つ星のうち4.0","https://www.amazon.co.jp/Youmile-%E3%83%AD%E3%82%B8%E3%83%83%E3%82%AF-%E3%82%A2%E3%83%8A%E3%83%A9%E3%82%A4%E3%82%B6-%E3%83%81%E3%83%A3%E3%83%B3%E3%83%8D%E3%83%AB-Arduino/dp/B09BTT94PC/ref=sr_1_10?__mk_ja_JP=%E3%82%AB%E3%82%BF%E3%82%AB%E3%83%8A&dd=AxFid_W0z8lBlv6w9FRH4w%2C%2C&dib=eyJ2IjoiMSJ9.rcsVLG2G0NgtlLcj66uIrzsuxK-W1zDgGZrLQwEmW_O4FnYizZeoHRu3ToXHMjfQsu4ORZG6I2m8acQZ3guLz-T_uvHMaiubh5UkIiQy2Hd93NPmp2ov7zr0K7ZgOW713MVuEucJ0Y0xadIZJoqoZxj-Ai5bhedxCqxfoOwKfLwDmvoZMa1zdff-oOXHm1Lsqfwg6TcqF3W1_lRLRWhLhFbaPVgx-P4pgIvpz-6BjRGeaJONFM7g2mfNm3Sz0mGqz2fhhw5CP6N9DXyTudEG1QJ6eL8dN_cAi_qnQsdffTw.1jDdXYrZ4-lPwm5PnmnVr3BT3jPDOvSbgASkoIcG4kw&dib_tag=se&keywords=%E3%83%AD%E3%82%B8%E3%83%83%E3%82%AF%E3%82%A2%E3%83%8A%E3%83%A9%E3%82%A4%E3%82%B6&qid=1788594447&refinements=p_90%3A3428068051&rnid=3428066051&sr=8-10&ufe=app_do%3Aamzn1.fos.35785624-70c4-44ae-a5c3-3f044f475d63#customerReviews","(25)","https://www.amazon.co.jp/Youmile-%E3%83%AD%E3%82%B8%E3%83%83%E3%82%AF-%E3%82%A2%E3%83%8A%E3%83%A9%E3%82%A4%E3%82%B6-%E3%83%81%E3%83%A3%E3%83%B3%E3%83%8D%E3%83%AB-Arduino/dp/B09BTT94PC/ref=sr_1_10?__mk_ja_JP=%E3%82%AB%E3%82%BF%E3%82%AB%E3%83%8A&dd=AxFid_W0z8lBlv6w9FRH4w%2C%2C&dib=eyJ2IjoiMSJ9.rcsVLG2G0NgtlLcj66uIrzsuxK-W1zDgGZrLQwEmW_O4FnYizZeoHRu3ToXHMjfQsu4ORZG6I2m8acQZ3guLz-T_uvHMaiubh5UkIiQy2Hd93NPmp2ov7zr0K7ZgOW713MVuEucJ0Y0xadIZJoqoZxj-Ai5bhedxCqxfoOwKfLwDmvoZMa1zdff-oOXHm1Lsqfwg6TcqF3W1_lRLRWhLhFbaPVgx-P4pgIvpz-6BjRGeaJONFM7g2mfNm3Sz0mGqz2fhhw5CP6N9DXyTudEG1QJ6eL8dN_cAi_qnQsdffTw.1jDdXYrZ4-lPwm5PnmnVr3BT3jPDOvSbgASkoIcG4kw&dib_tag=se&keywords=%E3%83%AD%E3%82%B8%E3%83%83%E3%82%AF%E3%82%A2%E3%83%8A%E3%83%A9%E3%82%A4%E3%82%B6&qid=1788594447&refinements=p_90%3A3428068051&rnid=3428066051&sr=8-10&ufe=app_do%3Aamzn1.fos.35785624-70c4-44ae-a5c3-3f044f475d63","￥1,989","1,989","20ポイント(1%)","ダブルポイント","または 無料配送 にお届け Amazonが発送する商品を￥3,500以上の注文","","","","","",""
"https://www.amazon.co.jp/Xsdjasd-EZ-USB-7C68013A-%E3%83%9C%E3%83%BC%E3%83%89%E9%96%8B%E7%99%BA%E3%83%9C%E3%83%BC%E3%83%89-%E5%A4%9A%E6%A9%9F%E8%83%BD%E4%BE%BF%E5%88%A9%E3%83%A2%E3%82%B8%E3%83%A5%E3%83%BC%E3%83%AB/dp/B0FR9R3QG5/ref=sr_1_15?__mk_ja_JP=%E3%82%AB%E3%82%BF%E3%82%AB%E3%83%8A&dd=AxFid_W0z8lBlv6w9FRH4w%2C%2C&dib=eyJ2IjoiMSJ9.rcsVLG2G0NgtlLcj66uIrzsuxK-W1zDgGZrLQwEmW_O4FnYizZeoHRu3ToXHMjfQsu4ORZG6I2m8acQZ3guLz-T_uvHMaiubh5UkIiQy2Hd93NPmp2ov7zr0K7ZgOW713MVuEucJ0Y0xadIZJoqoZxj-Ai5bhedxCqxfoOwKfLwDmvoZMa1zdff-oOXHm1Lsqfwg6TcqF3W1_lRLRWhLhFbaPVgx-P4pgIvpz-6BjRGeaJONFM7g2mfNm3Sz0mGqz2fhhw5CP6N9DXyTudEG1QJ6eL8dN_cAi_qnQsdffTw.1jDdXYrZ4-lPwm5PnmnVr3BT3jPDOvSbgASkoIcG4kw&dib_tag=se&keywords=%E3%83%AD%E3%82%B8%E3%83%83%E3%82%AF%E3%82%A2%E3%83%8A%E3%83%A9%E3%82%A4%E3%82%B6&qid=1788594447&refinements=p_90%3A3428068051&rnid=3428066051&sr=8-15&ufe=app_do%3Aamzn1.fos.35785624-70c4-44ae-a5c3-3f044f475d63","https://m.media-amazon.com/images/W/BW_MEDIAX_AVIF_MEASUREMENT_1306696-T3/images/I/61s44LPnOHL._AC_UL320_.jpg","EZ-USB 2LP 7C68013A USB コア ボード開発ボード ロジック アナライザ 多機能便利モジュール","","","","https://www.amazon.co.jp/Xsdjasd-EZ-USB-7C68013A-%E3%83%9C%E3%83%BC%E3%83%89%E9%96%8B%E7%99%BA%E3%83%9C%E3%83%BC%E3%83%89-%E5%A4%9A%E6%A9%9F%E8%83%BD%E4%BE%BF%E5%88%A9%E3%83%A2%E3%82%B8%E3%83%A5%E3%83%BC%E3%83%AB/dp/B0FR9R3QG5/ref=sr_1_15?__mk_ja_JP=%E3%82%AB%E3%82%BF%E3%82%AB%E3%83%8A&dd=AxFid_W0z8lBlv6w9FRH4w%2C%2C&dib=eyJ2IjoiMSJ9.rcsVLG2G0NgtlLcj66uIrzsuxK-W1zDgGZrLQwEmW_O4FnYizZeoHRu3ToXHMjfQsu4ORZG6I2m8acQZ3guLz-T_uvHMaiubh5UkIiQy2Hd93NPmp2ov7zr0K7ZgOW713MVuEucJ0Y0xadIZJoqoZxj-Ai5bhedxCqxfoOwKfLwDmvoZMa1zdff-oOXHm1Lsqfwg6TcqF3W1_lRLRWhLhFbaPVgx-P4pgIvpz-6BjRGeaJONFM7g2mfNm3Sz0mGqz2fhhw5CP6N9DXyTudEG1QJ6eL8dN_cAi_qnQsdffTw.1jDdXYrZ4-lPwm5PnmnVr3BT3jPDOvSbgASkoIcG4kw&dib_tag=se&keywords=%E3%83%AD%E3%82%B8%E3%83%83%E3%82%AF%E3%82%A2%E3%83%8A%E3%83%A9%E3%82%A4%E3%82%B6&qid=1788594447&refinements=p_90%3A3428068051&rnid=3428066051&sr=8-15&ufe=app_do%3Aamzn1.fos.35785624-70c4-44ae-a5c3-3f044f475d63","","","￥1,099","1,099","11ポイント(1%)","ダブルポイント","または 無料配送 にお届け Amazonが発送する商品を￥3,500以上の注文","","","","残り6点 ご注文はお早めに","",""
"https://www.amazon.co.jp/Kingst-%E6%9C%80%E5%A4%A7%E3%82%B5%E3%83%B3%E3%83%97%E3%83%AB%E3%83%AC%E3%83%BC%E3%83%88-%E8%8B%B1%E8%AA%9E%E3%82%BD%E3%83%95%E3%83%88%E3%82%A6%E3%82%A7%E3%82%A2%E7%94%A8-%E3%83%87%E3%83%BC%E3%82%BF%E3%82%AD%E3%83%A3%E3%83%97%E3%83%81%E3%83%A3-%E3%83%A1%E3%83%A2%E3%83%AA%E3%82%A2%E3%83%8A%E3%83%A9%E3%82%A4%E3%82%B6/dp/B0DQ4GSXP3/ref=sr_1_16?__mk_ja_JP=%E3%82%AB%E3%82%BF%E3%82%AB%E3%83%8A&dd=AxFid_W0z8lBlv6w9FRH4w%2C%2C&dib=eyJ2IjoiMSJ9.rcsVLG2G0NgtlLcj66uIrzsuxK-W1zDgGZrLQwEmW_O4FnYizZeoHRu3ToXHMjfQsu4ORZG6I2m8acQZ3guLz-T_uvHMaiubh5UkIiQy2Hd93NPmp2ov7zr0K7ZgOW713MVuEucJ0Y0xadIZJoqoZxj-Ai5bhedxCqxfoOwKfLwDmvoZMa1zdff-oOXHm1Lsqfwg6TcqF3W1_lRLRWhLhFbaPVgx-P4pgIvpz-6BjRGeaJONFM7g2mfNm3Sz0mGqz2fhhw5CP6N9DXyTudEG1QJ6eL8dN_cAi_qnQsdffTw.1jDdXYrZ4-lPwm5PnmnVr3BT3jPDOvSbgASkoIcG4kw&dib_tag=se&keywords=%E3%83%AD%E3%82%B8%E3%83%83%E3%82%AF%E3%82%A2%E3%83%8A%E3%83%A9%E3%82%A4%E3%82%B6&qid=1788594447&refinements=p_90%3A3428068051&rnid=3428066051&sr=8-16","https://m.media-amazon.com/images/W/BW_MEDIAX_AVIF_MEASUREMENT_1306696-T3/images/I/51jJtcDwHWL._AC_UL320_.jpg","Kingst LA2016 16CH 200MHz 最大サンプルレート USB ロジック アナライザー MCU ARM FPGA FPGA デバッグ ツール 英語ソフトウェア用 信号解析 プローブ オシロスコープ デジタル解析 波形測定 バス解析 周波数解析 トリガ機能 SPI I2C UART デバッグ 波形モニター 電圧測定 データキャプチャ サンプリング メモリアナライザ 日本語説明書付き","","","","https://www.amazon.co.jp/Kingst-%E6%9C%80%E5%A4%A7%E3%82%B5%E3%83%B3%E3%83%97%E3%83%AB%E3%83%AC%E3%83%BC%E3%83%88-%E8%8B%B1%E8%AA%9E%E3%82%BD%E3%83%95%E3%83%88%E3%82%A6%E3%82%A7%E3%82%A2%E7%94%A8-%E3%83%87%E3%83%BC%E3%82%BF%E3%82%AD%E3%83%A3%E3%83%97%E3%83%81%E3%83%A3-%E3%83%A1%E3%83%A2%E3%83%AA%E3%82%A2%E3%83%8A%E3%83%A9%E3%82%A4%E3%82%B6/dp/B0DQ4GSXP3/ref=sr_1_16?__mk_ja_JP=%E3%82%AB%E3%82%BF%E3%82%AB%E3%83%8A&dd=AxFid_W0z8lBlv6w9FRH4w%2C%2C&dib=eyJ2IjoiMSJ9.rcsVLG2G0NgtlLcj66uIrzsuxK-W1zDgGZrLQwEmW_O4FnYizZeoHRu3ToXHMjfQsu4ORZG6I2m8acQZ3guLz-T_uvHMaiubh5UkIiQy2Hd93NPmp2ov7zr0K7ZgOW713MVuEucJ0Y0xadIZJoqoZxj-Ai5bhedxCqxfoOwKfLwDmvoZMa1zdff-oOXHm1Lsqfwg6TcqF3W1_lRLRWhLhFbaPVgx-P4pgIvpz-6BjRGeaJONFM7g2mfNm3Sz0mGqz2fhhw5CP6N9DXyTudEG1QJ6eL8dN_cAi_qnQsdffTw.1jDdXYrZ4-lPwm5PnmnVr3BT3jPDOvSbgASkoIcG4kw&dib_tag=se&keywords=%E3%83%AD%E3%82%B8%E3%83%83%E3%82%AF%E3%82%A2%E3%83%8A%E3%83%A9%E3%82%A4%E3%82%B6&qid=1788594447&refinements=p_90%3A3428068051&rnid=3428066051&sr=8-16","","javascript:void(0)","￥30,580","30,580","残り8点 ご注文はお早めに","日本の中小企業","または 無料配送 にお届け","","https://m.media-amazon.com/images/I/111mHoVK0kL._SS200_.png","日本の中小企業","Amazonは日本の中小企業のブランドの商品を応援しています。食品から家電まで「日本の中小企業 応援ストア」を今すぐチェック。","詳細はこちら","https://www.amazon.co.jp/b?ie=UTF8&node=10450728051"
"https://www.amazon.co.jp/Kingst-%E8%8B%B1%E8%AA%9E%E3%82%BD%E3%83%95%E3%83%88%E3%82%A6%E3%82%A7%E3%82%A2-%E3%83%97%E3%83%AD%E3%83%88%E3%82%B3%E3%83%AB%E3%83%87%E3%82%B3%E3%83%BC%E3%83%80%E3%83%BC-%E3%82%AA%E3%82%B7%E3%83%AD%E3%82%B9%E3%82%B3%E3%83%BC%E3%83%97-%E6%97%A5%E6%9C%AC%E8%AA%9E%E8%AA%AC%E6%98%8E%E6%9B%B8%E4%BB%98%E3%81%8D/dp/B0DQ4YM5MG/ref=sr_1_17?__mk_ja_JP=%E3%82%AB%E3%82%BF%E3%82%AB%E3%83%8A&dd=AxFid_W0z8lBlv6w9FRH4w%2C%2C&dib=eyJ2IjoiMSJ9.rcsVLG2G0NgtlLcj66uIrzsuxK-W1zDgGZrLQwEmW_O4FnYizZeoHRu3ToXHMjfQsu4ORZG6I2m8acQZ3guLz-T_uvHMaiubh5UkIiQy2Hd93NPmp2ov7zr0K7ZgOW713MVuEucJ0Y0xadIZJoqoZxj-Ai5bhedxCqxfoOwKfLwDmvoZMa1zdff-oOXHm1Lsqfwg6TcqF3W1_lRLRWhLhFbaPVgx-P4pgIvpz-6BjRGeaJONFM7g2mfNm3Sz0mGqz2fhhw5CP6N9DXyTudEG1QJ6eL8dN_cAi_qnQsdffTw.1jDdXYrZ4-lPwm5PnmnVr3BT3jPDOvSbgASkoIcG4kw&dib_tag=se&keywords=%E3%83%AD%E3%82%B8%E3%83%83%E3%82%AF%E3%82%A2%E3%83%8A%E3%83%A9%E3%82%A4%E3%82%B6&qid=1788594447&refinements=p_90%3A3428068051&rnid=3428066051&sr=8-17","https://m.media-amazon.com/images/W/BW_MEDIAX_AVIF_MEASUREMENT_1306696-T3/images/I/51HAxMrrfnL._AC_UL320_.jpg","LA5016 Kingst USB ロジック アナライザ 16 チャンネル 10B Kingst LA5016 USB ロジック アナライザ 500M 最大サンプル レート 16 チャンネル 10B サンプル MCU ARM FPGA デバッグ ツール 英語ソフトウェア 信号解析 プロトコルデコーダー デジタル信号 オシロスコープ 波形測定 デバッグツール 信号キャプチャ 日本語説明書付き","","","","https://www.amazon.co.jp/Kingst-%E8%8B%B1%E8%AA%9E%E3%82%BD%E3%83%95%E3%83%88%E3%82%A6%E3%82%A7%E3%82%A2-%E3%83%97%E3%83%AD%E3%83%88%E3%82%B3%E3%83%AB%E3%83%87%E3%82%B3%E3%83%BC%E3%83%80%E3%83%BC-%E3%82%AA%E3%82%B7%E3%83%AD%E3%82%B9%E3%82%B3%E3%83%BC%E3%83%97-%E6%97%A5%E6%9C%AC%E8%AA%9E%E8%AA%AC%E6%98%8E%E6%9B%B8%E4%BB%98%E3%81%8D/dp/B0DQ4YM5MG/ref=sr_1_17?__mk_ja_JP=%E3%82%AB%E3%82%BF%E3%82%AB%E3%83%8A&dd=AxFid_W0z8lBlv6w9FRH4w%2C%2C&dib=eyJ2IjoiMSJ9.rcsVLG2G0NgtlLcj66uIrzsuxK-W1zDgGZrLQwEmW_O4FnYizZeoHRu3ToXHMjfQsu4ORZG6I2m8acQZ3guLz-T_uvHMaiubh5UkIiQy2Hd93NPmp2ov7zr0K7ZgOW713MVuEucJ0Y0xadIZJoqoZxj-Ai5bhedxCqxfoOwKfLwDmvoZMa1zdff-oOXHm1Lsqfwg6TcqF3W1_lRLRWhLhFbaPVgx-P4pgIvpz-6BjRGeaJONFM7g2mfNm3Sz0mGqz2fhhw5CP6N9DXyTudEG1QJ6eL8dN_cAi_qnQsdffTw.1jDdXYrZ4-lPwm5PnmnVr3BT3jPDOvSbgASkoIcG4kw&dib_tag=se&keywords=%E3%83%AD%E3%82%B8%E3%83%83%E3%82%AF%E3%82%A2%E3%83%8A%E3%83%A9%E3%82%A4%E3%82%B6&qid=1788594447&refinements=p_90%3A3428068051&rnid=3428066051&sr=8-17","","javascript:void(0)","￥47,447","47,447","残り6点 ご注文はお早めに","日本の中小企業","または 無料配送 にお届け","","https://m.media-amazon.com/images/I/111mHoVK0kL._SS200_.png","日本の中小企業","Amazonは日本の中小企業のブランドの商品を応援しています。食品から家電まで「日本の中小企業 応援ストア」を今すぐチェック。","詳細はこちら","https://www.amazon.co.jp/b?ie=UTF8&node=10450728051"
"https://www.amazon.co.jp/%E3%83%86%E3%82%B9%E3%82%BF%E3%83%BC%E3%83%AA%E3%83%BC%E3%83%89-%E3%83%9F%E3%83%8B%E3%82%B0%E3%83%A9%E3%83%90%E3%83%BC%E3%83%86%E3%82%B9%E3%83%88-%E3%82%B8%E3%83%A3%E3%83%B3%E3%83%91%E3%83%BC%E3%83%AF%E3%82%A4%E3%83%A4%E3%83%BC-%E3%83%AD%E3%82%B8%E3%83%83%E3%82%AF%E3%82%A2%E3%83%8A%E3%83%A9%E3%82%A4%E3%82%B6-%E8%A9%A6%E9%A8%93%E7%94%A8%E3%83%AA%E3%83%BC%E3%83%89%E7%B7%9A/dp/B0GS5R2D1R/ref=sr_1_18?__mk_ja_JP=%E3%82%AB%E3%82%BF%E3%82%AB%E3%83%8A&dd=AxFid_W0z8lBlv6w9FRH4w%2C%2C&dib=eyJ2IjoiMSJ9.rcsVLG2G0NgtlLcj66uIrzsuxK-W1zDgGZrLQwEmW_O4FnYizZeoHRu3ToXHMjfQsu4ORZG6I2m8acQZ3guLz-T_uvHMaiubh5UkIiQy2Hd93NPmp2ov7zr0K7ZgOW713MVuEucJ0Y0xadIZJoqoZxj-Ai5bhedxCqxfoOwKfLwDmvoZMa1zdff-oOXHm1Lsqfwg6TcqF3W1_lRLRWhLhFbaPVgx-P4pgIvpz-6BjRGeaJONFM7g2mfNm3Sz0mGqz2fhhw5CP6N9DXyTudEG1QJ6eL8dN_cAi_qnQsdffTw.1jDdXYrZ4-lPwm5PnmnVr3BT3jPDOvSbgASkoIcG4kw&dib_tag=se&keywords=%E3%83%AD%E3%82%B8%E3%83%83%E3%82%AF%E3%82%A2%E3%83%8A%E3%83%A9%E3%82%A4%E3%82%B6&qid=1788594447&refinements=p_90%3A3428068051&rnid=3428066051&sr=8-18&ufe=app_do%3Aamzn1.fos.35785624-70c4-44ae-a5c3-3f044f475d63","https://m.media-amazon.com/images/W/BW_MEDIAX_AVIF_MEASUREMENT_1306696-T3/images/I/71eH8wump+L._AC_UL320_.jpg","テスターリード テストリード ミニグラバーテスト 10本セット 5色 各2本 20cm ICクリップ メス端子 テストフック ジャンパーワイヤー 銅線 ロジックアナライザ 電気試験 電子工作 回路検査 試験用リード線 高導電性","3.4","javascript:void(0)","5つ星のうち3.4","https://www.amazon.co.jp/%E3%83%86%E3%82%B9%E3%82%BF%E3%83%BC%E3%83%AA%E3%83%BC%E3%83%89-%E3%83%9F%E3%83%8B%E3%82%B0%E3%83%A9%E3%83%90%E3%83%BC%E3%83%86%E3%82%B9%E3%83%88-%E3%82%B8%E3%83%A3%E3%83%B3%E3%83%91%E3%83%BC%E3%83%AF%E3%82%A4%E3%83%A4%E3%83%BC-%E3%83%AD%E3%82%B8%E3%83%83%E3%82%AF%E3%82%A2%E3%83%8A%E3%83%A9%E3%82%A4%E3%82%B6-%E8%A9%A6%E9%A8%93%E7%94%A8%E3%83%AA%E3%83%BC%E3%83%89%E7%B7%9A/dp/B0GS5R2D1R/ref=sr_1_18?__mk_ja_JP=%E3%82%AB%E3%82%BF%E3%82%AB%E3%83%8A&dd=AxFid_W0z8lBlv6w9FRH4w%2C%2C&dib=eyJ2IjoiMSJ9.rcsVLG2G0NgtlLcj66uIrzsuxK-W1zDgGZrLQwEmW_O4FnYizZeoHRu3ToXHMjfQsu4ORZG6I2m8acQZ3guLz-T_uvHMaiubh5UkIiQy2Hd93NPmp2ov7zr0K7ZgOW713MVuEucJ0Y0xadIZJoqoZxj-Ai5bhedxCqxfoOwKfLwDmvoZMa1zdff-oOXHm1Lsqfwg6TcqF3W1_lRLRWhLhFbaPVgx-P4pgIvpz-6BjRGeaJONFM7g2mfNm3Sz0mGqz2fhhw5CP6N9DXyTudEG1QJ6eL8dN_cAi_qnQsdffTw.1jDdXYrZ4-lPwm5PnmnVr3BT3jPDOvSbgASkoIcG4kw&dib_tag=se&keywords=%E3%83%AD%E3%82%B8%E3%83%83%E3%82%AF%E3%82%A2%E3%83%8A%E3%83%A9%E3%82%A4%E3%82%B6&qid=1788594447&refinements=p_90%3A3428068051&rnid=3428066051&sr=8-18&ufe=app_do%3Aamzn1.fos.35785624-70c4-44ae-a5c3-3f044f475d63#customerReviews","(2)","https://www.amazon.co.jp/deals","￥898","898","残り18点 ご注文はお早めに","","または 無料配送 にお届け Amazonが発送する商品を￥3,500以上の注文","https://www.amazon.co.jp/%E3%83%86%E3%82%B9%E3%82%BF%E3%83%BC%E3%83%AA%E3%83%BC%E3%83%89-%E3%83%9F%E3%83%8B%E3%82%B0%E3%83%A9%E3%83%90%E3%83%BC%E3%83%86%E3%82%B9%E3%83%88-%E3%82%B8%E3%83%A3%E3%83%B3%E3%83%91%E3%83%BC%E3%83%AF%E3%82%A4%E3%83%A4%E3%83%BC-%E3%83%AD%E3%82%B8%E3%83%83%E3%82%AF%E3%82%A2%E3%83%8A%E3%83%A9%E3%82%A4%E3%82%B6-%E8%A9%A6%E9%A8%93%E7%94%A8%E3%83%AA%E3%83%BC%E3%83%89%E7%B7%9A/dp/B0GS5R2D1R/ref=sr_1_18?__mk_ja_JP=%E3%82%AB%E3%82%BF%E3%82%AB%E3%83%8A&dd=AxFid_W0z8lBlv6w9FRH4w%2C%2C&dib=eyJ2IjoiMSJ9.rcsVLG2G0NgtlLcj66uIrzsuxK-W1zDgGZrLQwEmW_O4FnYizZeoHRu3ToXHMjfQsu4ORZG6I2m8acQZ3guLz-T_uvHMaiubh5UkIiQy2Hd93NPmp2ov7zr0K7ZgOW713MVuEucJ0Y0xadIZJoqoZxj-Ai5bhedxCqxfoOwKfLwDmvoZMa1zdff-oOXHm1Lsqfwg6TcqF3W1_lRLRWhLhFbaPVgx-P4pgIvpz-6BjRGeaJONFM7g2mfNm3Sz0mGqz2fhhw5CP6N9DXyTudEG1QJ6eL8dN_cAi_qnQsdffTw.1jDdXYrZ4-lPwm5PnmnVr3BT3jPDOvSbgASkoIcG4kw&dib_tag=se&keywords=%E3%83%AD%E3%82%B8%E3%83%83%E3%82%AF%E3%82%A2%E3%83%8A%E3%83%A9%E3%82%A4%E3%82%B6&qid=1788594447&refinements=p_90%3A3428068051&rnid=3428066051&sr=8-18&ufe=app_do%3Aamzn1.fos.35785624-70c4-44ae-a5c3-3f044f475d63","","","","",""
"https://www.amazon.co.jp/zmart-IC-%E3%82%AF%E3%83%A9%E3%83%B3%E3%83%97-EEPROM%E3%83%97%E3%83%AD%E3%82%B0%E3%83%A9%E3%83%9E-%E3%83%97%E3%83%AD%E3%82%B0%E3%83%A9%E3%83%9F%E3%83%B3%E3%82%B0%E3%83%84%E3%83%BC%E3%83%AB/dp/B0DV951TR2/ref=sr_1_21?__mk_ja_JP=%E3%82%AB%E3%82%BF%E3%82%AB%E3%83%8A&dd=AxFid_W0z8lBlv6w9FRH4w%2C%2C&dib=eyJ2IjoiMSJ9.rcsVLG2G0NgtlLcj66uIrzsuxK-W1zDgGZrLQwEmW_O4FnYizZeoHRu3ToXHMjfQsu4ORZG6I2m8acQZ3guLz-T_uvHMaiubh5UkIiQy2Hd93NPmp2ov7zr0K7ZgOW713MVuEucJ0Y0xadIZJoqoZxj-Ai5bhedxCqxfoOwKfLwDmvoZMa1zdff-oOXHm1Lsqfwg6TcqF3W1_lRLRWhLhFbaPVgx-P4pgIvpz-6BjRGeaJONFM7g2mfNm3Sz0mGqz2fhhw5CP6N9DXyTudEG1QJ6eL8dN_cAi_qnQsdffTw.1jDdXYrZ4-lPwm5PnmnVr3BT3jPDOvSbgASkoIcG4kw&dib_tag=se&keywords=%E3%83%AD%E3%82%B8%E3%83%83%E3%82%AF%E3%82%A2%E3%83%8A%E3%83%A9%E3%82%A4%E3%82%B6&qid=1788594447&refinements=p_90%3A3428068051&rnid=3428066051&sr=8-21&ufe=app_do%3Aamzn1.fos.35785624-70c4-44ae-a5c3-3f044f475d63","https://m.media-amazon.com/images/W/BW_MEDIAX_AVIF_MEASUREMENT_1306696-T3/images/I/51EzPA4ZIrL._AC_UL320_.jpg","zmart 10個 X ユニバーサル チップ マイクロ IC クランプ SOP SOIC TSOP SSOP SOP8 SMD IC テスト クリップ ピンソケット アダプタ プログラマー ロジックアナライザ ICテスト クリップアダプタ ピンソケット SOPアダプタ SOICアダプタ SMDクランプ EEPROMプログラマ ロジック解析 IC書き込み プログラミングツール ピッチ変換 基板接続","","","","https://www.amazon.co.jp/zmart-IC-%E3%82%AF%E3%83%A9%E3%83%B3%E3%83%97-EEPROM%E3%83%97%E3%83%AD%E3%82%B0%E3%83%A9%E3%83%9E-%E3%83%97%E3%83%AD%E3%82%B0%E3%83%A9%E3%83%9F%E3%83%B3%E3%82%B0%E3%83%84%E3%83%BC%E3%83%AB/dp/B0DV951TR2/ref=sr_1_21?__mk_ja_JP=%E3%82%AB%E3%82%BF%E3%82%AB%E3%83%8A&dd=AxFid_W0z8lBlv6w9FRH4w%2C%2C&dib=eyJ2IjoiMSJ9.rcsVLG2G0NgtlLcj66uIrzsuxK-W1zDgGZrLQwEmW_O4FnYizZeoHRu3ToXHMjfQsu4ORZG6I2m8acQZ3guLz-T_uvHMaiubh5UkIiQy2Hd93NPmp2ov7zr0K7ZgOW713MVuEucJ0Y0xadIZJoqoZxj-Ai5bhedxCqxfoOwKfLwDmvoZMa1zdff-oOXHm1Lsqfwg6TcqF3W1_lRLRWhLhFbaPVgx-P4pgIvpz-6BjRGeaJONFM7g2mfNm3Sz0mGqz2fhhw5CP6N9DXyTudEG1QJ6eL8dN_cAi_qnQsdffTw.1jDdXYrZ4-lPwm5PnmnVr3BT3jPDOvSbgASkoIcG4kw&dib_tag=se&keywords=%E3%83%AD%E3%82%B8%E3%83%83%E3%82%AF%E3%82%A2%E3%83%8A%E3%83%A9%E3%82%A4%E3%82%B6&qid=1788594447&refinements=p_90%3A3428068051&rnid=3428066051&sr=8-21&ufe=app_do%3Aamzn1.fos.35785624-70c4-44ae-a5c3-3f044f475d63","","javascript:void(0)","￥2,538","2,538","過去:","残り15点 ご注文はお早めに","または 無料配送 にお届け Amazonが発送する商品を￥3,500以上の注文","","https://m.media-amazon.com/images/I/111mHoVK0kL._SS200_.png","日本の中小企業","日本の中小企業","Amazonは日本の中小企業のブランドの商品を応援しています。食品から家電まで「日本の中小企業 応援ストア」を今すぐチェック。","https://www.amazon.co.jp/b?ie=UTF8&node=10450728051"
"https://www.amazon.co.jp/DSD-TECH-diDatatracker-%E7%B5%B6%E7%B8%81%E3%82%B7%E3%83%AA%E3%82%A2%E3%83%AB%E3%83%97%E3%83%AD%E3%83%88%E3%82%B3%E3%83%AB%E3%82%A2%E3%83%8A%E3%83%A9%E3%82%A4%E3%82%B6-RS232/dp/B0H1BKPW32/ref=sr_1_22?__mk_ja_JP=%E3%82%AB%E3%82%BF%E3%82%AB%E3%83%8A&dd=AxFid_W0z8lBlv6w9FRH4w%2C%2C&dib=eyJ2IjoiMSJ9.rcsVLG2G0NgtlLcj66uIrzsuxK-W1zDgGZrLQwEmW_O4FnYizZeoHRu3ToXHMjfQsu4ORZG6I2m8acQZ3guLz-T_uvHMaiubh5UkIiQy2Hd93NPmp2ov7zr0K7ZgOW713MVuEucJ0Y0xadIZJoqoZxj-Ai5bhedxCqxfoOwKfLwDmvoZMa1zdff-oOXHm1Lsqfwg6TcqF3W1_lRLRWhLhFbaPVgx-P4pgIvpz-6BjRGeaJONFM7g2mfNm3Sz0mGqz2fhhw5CP6N9DXyTudEG1QJ6eL8dN_cAi_qnQsdffTw.1jDdXYrZ4-lPwm5PnmnVr3BT3jPDOvSbgASkoIcG4kw&dib_tag=se&keywords=%E3%83%AD%E3%82%B8%E3%83%83%E3%82%AF%E3%82%A2%E3%83%8A%E3%83%A9%E3%82%A4%E3%82%B6&qid=1788594447&refinements=p_90%3A3428068051&rnid=3428066051&sr=8-22&ufe=app_do%3Aamzn1.fos.35785624-70c4-44ae-a5c3-3f044f475d63","https://m.media-amazon.com/images/W/BW_MEDIAX_AVIF_MEASUREMENT_1306696-T3/images/I/71l90dlVgOL._AC_UL320_.jpg","DSD TECH diDatatracker 絶縁シリアルプロトコルアナライザ RS232 RS485 TTL","4.5","javascript:void(0)","5つ星のうち4.5","https://www.amazon.co.jp/DSD-TECH-diDatatracker-%E7%B5%B6%E7%B8%81%E3%82%B7%E3%83%AA%E3%82%A2%E3%83%AB%E3%83%97%E3%83%AD%E3%83%88%E3%82%B3%E3%83%AB%E3%82%A2%E3%83%8A%E3%83%A9%E3%82%A4%E3%82%B6-RS232/dp/B0H1BKPW32/ref=sr_1_22?__mk_ja_JP=%E3%82%AB%E3%82%BF%E3%82%AB%E3%83%8A&dd=AxFid_W0z8lBlv6w9FRH4w%2C%2C&dib=eyJ2IjoiMSJ9.rcsVLG2G0NgtlLcj66uIrzsuxK-W1zDgGZrLQwEmW_O4FnYizZeoHRu3ToXHMjfQsu4ORZG6I2m8acQZ3guLz-T_uvHMaiubh5UkIiQy2Hd93NPmp2ov7zr0K7ZgOW713MVuEucJ0Y0xadIZJoqoZxj-Ai5bhedxCqxfoOwKfLwDmvoZMa1zdff-oOXHm1Lsqfwg6TcqF3W1_lRLRWhLhFbaPVgx-P4pgIvpz-6BjRGeaJONFM7g2mfNm3Sz0mGqz2fhhw5CP6N9DXyTudEG1QJ6eL8dN_cAi_qnQsdffTw.1jDdXYrZ4-lPwm5PnmnVr3BT3jPDOvSbgASkoIcG4kw&dib_tag=se&keywords=%E3%83%AD%E3%82%B8%E3%83%83%E3%82%AF%E3%82%A2%E3%83%8A%E3%83%A9%E3%82%A4%E3%82%B6&qid=1788594447&refinements=p_90%3A3428068051&rnid=3428066051&sr=8-22&ufe=app_do%3Aamzn1.fos.35785624-70c4-44ae-a5c3-3f044f475d63#customerReviews","(9)","https://www.amazon.co.jp/DSD-TECH-diDatatracker-%E7%B5%B6%E7%B8%81%E3%82%B7%E3%83%AA%E3%82%A2%E3%83%AB%E3%83%97%E3%83%AD%E3%83%88%E3%82%B3%E3%83%AB%E3%82%A2%E3%83%8A%E3%83%A9%E3%82%A4%E3%82%B6-RS232/dp/B0H1BKPW32/ref=sr_1_22?__mk_ja_JP=%E3%82%AB%E3%82%BF%E3%82%AB%E3%83%8A&dd=AxFid_W0z8lBlv6w9FRH4w%2C%2C&dib=eyJ2IjoiMSJ9.rcsVLG2G0NgtlLcj66uIrzsuxK-W1zDgGZrLQwEmW_O4FnYizZeoHRu3ToXHMjfQsu4ORZG6I2m8acQZ3guLz-T_uvHMaiubh5UkIiQy2Hd93NPmp2ov7zr0K7ZgOW713MVuEucJ0Y0xadIZJoqoZxj-Ai5bhedxCqxfoOwKfLwDmvoZMa1zdff-oOXHm1Lsqfwg6TcqF3W1_lRLRWhLhFbaPVgx-P4pgIvpz-6BjRGeaJONFM7g2mfNm3Sz0mGqz2fhhw5CP6N9DXyTudEG1QJ6eL8dN_cAi_qnQsdffTw.1jDdXYrZ4-lPwm5PnmnVr3BT3jPDOvSbgASkoIcG4kw&dib_tag=se&keywords=%E3%83%AD%E3%82%B8%E3%83%83%E3%82%AF%E3%82%A2%E3%83%8A%E3%83%A9%E3%82%A4%E3%82%B6&qid=1788594447&refinements=p_90%3A3428068051&rnid=3428066051&sr=8-22&ufe=app_do%3Aamzn1.fos.35785624-70c4-44ae-a5c3-3f044f475d63","￥7,999","7,999","160ポイント(2%)","ダブルポイント","または 無料配送 にお届け","","","","残り19点 ご注文はお早めに","",""
"https://www.amazon.co.jp/Siglent-Technologies-SLA1016-%E3%83%9F%E3%83%83%E3%82%AF%E3%82%B9%E3%82%B7%E3%82%B0%E3%83%8A%E3%83%AB%E3%83%8F%E3%83%BC%E3%83%89%E3%82%A6%E3%82%A7%E3%82%A2%E3%82%AA%E3%83%97%E3%82%B7%E3%83%A7%E3%83%B3-SDS1000X-E%E3%81%8A%E3%82%88%E3%81%B3SDS2000X-E%E3%82%AA%E3%82%B7%E3%83%AD%E3%82%B9%E3%82%B3%E3%83%BC%E3%83%97%E3%82%B7%E3%83%AA%E3%83%BC%E3%82%BA%E7%94%A8/dp/B08PDYLVYG/ref=sr_1_23?__mk_ja_JP=%E3%82%AB%E3%82%BF%E3%82%AB%E3%83%8A&dd=AxFid_W0z8lBlv6w9FRH4w%2C%2C&dib=eyJ2IjoiMSJ9.rcsVLG2G0NgtlLcj66uIrzsuxK-W1zDgGZrLQwEmW_O4FnYizZeoHRu3ToXHMjfQsu4ORZG6I2m8acQZ3guLz-T_uvHMaiubh5UkIiQy2Hd93NPmp2ov7zr0K7ZgOW713MVuEucJ0Y0xadIZJoqoZxj-Ai5bhedxCqxfoOwKfLwDmvoZMa1zdff-oOXHm1Lsqfwg6TcqF3W1_lRLRWhLhFbaPVgx-P4pgIvpz-6BjRGeaJONFM7g2mfNm3Sz0mGqz2fhhw5CP6N9DXyTudEG1QJ6eL8dN_cAi_qnQsdffTw.1jDdXYrZ4-lPwm5PnmnVr3BT3jPDOvSbgASkoIcG4kw&dib_tag=se&keywords=%E3%83%AD%E3%82%B8%E3%83%83%E3%82%AF%E3%82%A2%E3%83%8A%E3%83%A9%E3%82%A4%E3%82%B6&qid=1788594447&refinements=p_90%3A3428068051&rnid=3428066051&sr=8-23&ufe=app_do%3Aamzn1.fos.35785624-70c4-44ae-a5c3-3f044f475d63","https://m.media-amazon.com/images/W/BW_MEDIAX_AVIF_MEASUREMENT_1306696-T3/images/I/51KZNXejrHL._AC_UL320_.jpg","SIGLENT SLA1016 16チャンネルロジックアナライザプローブ (SDS800X HD SDS1000X HD SDS1000X-E スコープ対応 ）","4.9","javascript:void(0)","5つ星のうち4.9","https://www.amazon.co.jp/Siglent-Technologies-SLA1016-%E3%83%9F%E3%83%83%E3%82%AF%E3%82%B9%E3%82%B7%E3%82%B0%E3%83%8A%E3%83%AB%E3%83%8F%E3%83%BC%E3%83%89%E3%82%A6%E3%82%A7%E3%82%A2%E3%82%AA%E3%83%97%E3%82%B7%E3%83%A7%E3%83%B3-SDS1000X-E%E3%81%8A%E3%82%88%E3%81%B3SDS2000X-E%E3%82%AA%E3%82%B7%E3%83%AD%E3%82%B9%E3%82%B3%E3%83%BC%E3%83%97%E3%82%B7%E3%83%AA%E3%83%BC%E3%82%BA%E7%94%A8/dp/B08PDYLVYG/ref=sr_1_23?__mk_ja_JP=%E3%82%AB%E3%82%BF%E3%82%AB%E3%83%8A&dd=AxFid_W0z8lBlv6w9FRH4w%2C%2C&dib=eyJ2IjoiMSJ9.rcsVLG2G0NgtlLcj66uIrzsuxK-W1zDgGZrLQwEmW_O4FnYizZeoHRu3ToXHMjfQsu4ORZG6I2m8acQZ3guLz-T_uvHMaiubh5UkIiQy2Hd93NPmp2ov7zr0K7ZgOW713MVuEucJ0Y0xadIZJoqoZxj-Ai5bhedxCqxfoOwKfLwDmvoZMa1zdff-oOXHm1Lsqfwg6TcqF3W1_lRLRWhLhFbaPVgx-P4pgIvpz-6BjRGeaJONFM7g2mfNm3Sz0mGqz2fhhw5CP6N9DXyTudEG1QJ6eL8dN_cAi_qnQsdffTw.1jDdXYrZ4-lPwm5PnmnVr3BT3jPDOvSbgASkoIcG4kw&dib_tag=se&keywords=%E3%83%AD%E3%82%B8%E3%83%83%E3%82%AF%E3%82%A2%E3%83%8A%E3%83%A9%E3%82%A4%E3%82%B6&qid=1788594447&refinements=p_90%3A3428068051&rnid=3428066051&sr=8-23&ufe=app_do%3Aamzn1.fos.35785624-70c4-44ae-a5c3-3f044f475d63#customerReviews","(13)","https://www.amazon.co.jp/Siglent-Technologies-SLA1016-%E3%83%9F%E3%83%83%E3%82%AF%E3%82%B9%E3%82%B7%E3%82%B0%E3%83%8A%E3%83%AB%E3%83%8F%E3%83%BC%E3%83%89%E3%82%A6%E3%82%A7%E3%82%A2%E3%82%AA%E3%83%97%E3%82%B7%E3%83%A7%E3%83%B3-SDS1000X-E%E3%81%8A%E3%82%88%E3%81%B3SDS2000X-E%E3%82%AA%E3%82%B7%E3%83%AD%E3%82%B9%E3%82%B3%E3%83%BC%E3%83%97%E3%82%B7%E3%83%AA%E3%83%BC%E3%82%BA%E7%94%A8/dp/B08PDYLVYG/ref=sr_1_23?__mk_ja_JP=%E3%82%AB%E3%82%BF%E3%82%AB%E3%83%8A&dd=AxFid_W0z8lBlv6w9FRH4w%2C%2C&dib=eyJ2IjoiMSJ9.rcsVLG2G0NgtlLcj66uIrzsuxK-W1zDgGZrLQwEmW_O4FnYizZeoHRu3ToXHMjfQsu4ORZG6I2m8acQZ3guLz-T_uvHMaiubh5UkIiQy2Hd93NPmp2ov7zr0K7ZgOW713MVuEucJ0Y0xadIZJoqoZxj-Ai5bhedxCqxfoOwKfLwDmvoZMa1zdff-oOXHm1Lsqfwg6TcqF3W1_lRLRWhLhFbaPVgx-P4pgIvpz-6BjRGeaJONFM7g2mfNm3Sz0mGqz2fhhw5CP6N9DXyTudEG1QJ6eL8dN_cAi_qnQsdffTw.1jDdXYrZ4-lPwm5PnmnVr3BT3jPDOvSbgASkoIcG4kw&dib_tag=se&keywords=%E3%83%AD%E3%82%B8%E3%83%83%E3%82%AF%E3%82%A2%E3%83%8A%E3%83%A9%E3%82%A4%E3%82%B6&qid=1788594447&refinements=p_90%3A3428068051&rnid=3428066051&sr=8-23&ufe=app_do%3Aamzn1.fos.35785624-70c4-44ae-a5c3-3f044f475d63","￥91,300","91,300","913ポイント(1%)","ダブルポイント","または 無料配送 にお届け","","","","残り1点 ご注文はお早めに","",""
"https://www.amazon.co.jp/Power-Delivery-%E3%82%A2%E3%83%8A%E3%83%A9%E3%82%A4%E3%82%B6-DTW2U3-PD%E3%83%AF%E3%83%83%E3%83%88%E3%81%BF%E3%82%8BC/dp/B01MZGXVR9/ref=sr_1_24?__mk_ja_JP=%E3%82%AB%E3%82%BF%E3%82%AB%E3%83%8A&dd=AxFid_W0z8lBlv6w9FRH4w%2C%2C&dib=eyJ2IjoiMSJ9.rcsVLG2G0NgtlLcj66uIrzsuxK-W1zDgGZrLQwEmW_O4FnYizZeoHRu3ToXHMjfQsu4ORZG6I2m8acQZ3guLz-T_uvHMaiubh5UkIiQy2Hd93NPmp2ov7zr0K7ZgOW713MVuEucJ0Y0xadIZJoqoZxj-Ai5bhedxCqxfoOwKfLwDmvoZMa1zdff-oOXHm1Lsqfwg6TcqF3W1_lRLRWhLhFbaPVgx-P4pgIvpz-6BjRGeaJONFM7g2mfNm3Sz0mGqz2fhhw5CP6N9DXyTudEG1QJ6eL8dN_cAi_qnQsdffTw.1jDdXYrZ4-lPwm5PnmnVr3BT3jPDOvSbgASkoIcG4kw&dib_tag=se&keywords=%E3%83%AD%E3%82%B8%E3%83%83%E3%82%AF%E3%82%A2%E3%83%8A%E3%83%A9%E3%82%A4%E3%82%B6&qid=1788594447&refinements=p_90%3A3428068051&rnid=3428066051&sr=8-24&ufe=app_do%3Aamzn1.fos.35785624-70c4-44ae-a5c3-3f044f475d63","https://m.media-amazon.com/images/W/BW_MEDIAX_AVIF_MEASUREMENT_1306696-T3/images/I/61xulKBQ7IL._AC_UL320_.jpg","USB Power Delivery アナライザ DTW2U3-EPR","5.0","javascript:void(0)","5つ星のうち5.0","https://www.amazon.co.jp/Power-Delivery-%E3%82%A2%E3%83%8A%E3%83%A9%E3%82%A4%E3%82%B6-DTW2U3-PD%E3%83%AF%E3%83%83%E3%83%88%E3%81%BF%E3%82%8BC/dp/B01MZGXVR9/ref=sr_1_24?__mk_ja_JP=%E3%82%AB%E3%82%BF%E3%82%AB%E3%83%8A&dd=AxFid_W0z8lBlv6w9FRH4w%2C%2C&dib=eyJ2IjoiMSJ9.rcsVLG2G0NgtlLcj66uIrzsuxK-W1zDgGZrLQwEmW_O4FnYizZeoHRu3ToXHMjfQsu4ORZG6I2m8acQZ3guLz-T_uvHMaiubh5UkIiQy2Hd93NPmp2ov7zr0K7ZgOW713MVuEucJ0Y0xadIZJoqoZxj-Ai5bhedxCqxfoOwKfLwDmvoZMa1zdff-oOXHm1Lsqfwg6TcqF3W1_lRLRWhLhFbaPVgx-P4pgIvpz-6BjRGeaJONFM7g2mfNm3Sz0mGqz2fhhw5CP6N9DXyTudEG1QJ6eL8dN_cAi_qnQsdffTw.1jDdXYrZ4-lPwm5PnmnVr3BT3jPDOvSbgASkoIcG4kw&dib_tag=se&keywords=%E3%83%AD%E3%82%B8%E3%83%83%E3%82%AF%E3%82%A2%E3%83%8A%E3%83%A9%E3%82%A4%E3%82%B6&qid=1788594447&refinements=p_90%3A3428068051&rnid=3428066051&sr=8-24&ufe=app_do%3Aamzn1.fos.35785624-70c4-44ae-a5c3-3f044f475d63#customerReviews","(1)","https://www.amazon.co.jp/Power-Delivery-%E3%82%A2%E3%83%8A%E3%83%A9%E3%82%A4%E3%82%B6-DTW2U3-PD%E3%83%AF%E3%83%83%E3%83%88%E3%81%BF%E3%82%8BC/dp/B01MZGXVR9/ref=sr_1_24?__mk_ja_JP=%E3%82%AB%E3%82%BF%E3%82%AB%E3%83%8A&dd=AxFid_W0z8lBlv6w9FRH4w%2C%2C&dib=eyJ2IjoiMSJ9.rcsVLG2G0NgtlLcj66uIrzsuxK-W1zDgGZrLQwEmW_O4FnYizZeoHRu3ToXHMjfQsu4ORZG6I2m8acQZ3guLz-T_uvHMaiubh5UkIiQy2Hd93NPmp2ov7zr0K7ZgOW713MVuEucJ0Y0xadIZJoqoZxj-Ai5bhedxCqxfoOwKfLwDmvoZMa1zdff-oOXHm1Lsqfwg6TcqF3W1_lRLRWhLhFbaPVgx-P4pgIvpz-6BjRGeaJONFM7g2mfNm3Sz0mGqz2fhhw5CP6N9DXyTudEG1QJ6eL8dN_cAi_qnQsdffTw.1jDdXYrZ4-lPwm5PnmnVr3BT3jPDOvSbgASkoIcG4kw&dib_tag=se&keywords=%E3%83%AD%E3%82%B8%E3%83%83%E3%82%AF%E3%82%A2%E3%83%8A%E3%83%A9%E3%82%A4%E3%82%B6&qid=1788594447&refinements=p_90%3A3428068051&rnid=3428066051&sr=8-24&ufe=app_do%3Aamzn1.fos.35785624-70c4-44ae-a5c3-3f044f475d63","￥71,500","71,500","残り19点 ご注文はお早めに","","または 無料配送 にお届け","","","","","",""
"https://www.amazon.co.jp/%E9%9B%BB%E5%85%89%E3%83%91%E3%83%BC%E3%83%84-IC%E3%82%AF%E3%83%AA%E3%83%83%E3%83%97-%E3%82%B0%E3%83%A9%E3%83%90%E3%83%BC%E3%82%AF%E3%83%AA%E3%83%83%E3%83%97-%E3%83%86%E3%82%B9%E3%83%88%E3%83%97%E3%83%AD%E3%83%BC%E3%83%96%E3%83%95%E3%83%83%E3%82%AF-%E3%83%AD%E3%82%B8%E3%83%83%E3%82%AF%E3%82%A2%E3%83%8A%E3%83%A9%E3%82%A4%E3%82%B6%E7%94%A8/dp/B0CCV3WSDL/ref=sr_1_25?__mk_ja_JP=%E3%82%AB%E3%82%BF%E3%82%AB%E3%83%8A&dd=AxFid_W0z8lBlv6w9FRH4w%2C%2C&dib=eyJ2IjoiMSJ9.rcsVLG2G0NgtlLcj66uIrzsuxK-W1zDgGZrLQwEmW_O4FnYizZeoHRu3ToXHMjfQsu4ORZG6I2m8acQZ3guLz-T_uvHMaiubh5UkIiQy2Hd93NPmp2ov7zr0K7ZgOW713MVuEucJ0Y0xadIZJoqoZxj-Ai5bhedxCqxfoOwKfLwDmvoZMa1zdff-oOXHm1Lsqfwg6TcqF3W1_lRLRWhLhFbaPVgx-P4pgIvpz-6BjRGeaJONFM7g2mfNm3Sz0mGqz2fhhw5CP6N9DXyTudEG1QJ6eL8dN_cAi_qnQsdffTw.1jDdXYrZ4-lPwm5PnmnVr3BT3jPDOvSbgASkoIcG4kw&dib_tag=se&keywords=%E3%83%AD%E3%82%B8%E3%83%83%E3%82%AF%E3%82%A2%E3%83%8A%E3%83%A9%E3%82%A4%E3%82%B6&qid=1788594447&refinements=p_90%3A3428068051&rnid=3428066051&sr=8-25&ufe=app_do%3Aamzn1.fos.35785624-70c4-44ae-a5c3-3f044f475d63","https://m.media-amazon.com/images/W/BW_MEDIAX_AVIF_MEASUREMENT_1306696-T3/images/I/815SZIdfiPL._AC_UL320_.jpg","ICクリップ グラバークリップ テストプローブフック ミニグラバー ロジックアナライザ用 10色 20個セット","4.0","javascript:void(0)","5つ星のうち4.0","https://www.amazon.co.jp/%E9%9B%BB%E5%85%89%E3%83%91%E3%83%BC%E3%83%84-IC%E3%82%AF%E3%83%AA%E3%83%83%E3%83%97-%E3%82%B0%E3%83%A9%E3%83%90%E3%83%BC%E3%82%AF%E3%83%AA%E3%83%83%E3%83%97-%E3%83%86%E3%82%B9%E3%83%88%E3%83%97%E3%83%AD%E3%83%BC%E3%83%96%E3%83%95%E3%83%83%E3%82%AF-%E3%83%AD%E3%82%B8%E3%83%83%E3%82%AF%E3%82%A2%E3%83%8A%E3%83%A9%E3%82%A4%E3%82%B6%E7%94%A8/dp/B0CCV3WSDL/ref=sr_1_25?__mk_ja_JP=%E3%82%AB%E3%82%BF%E3%82%AB%E3%83%8A&dd=AxFid_W0z8lBlv6w9FRH4w%2C%2C&dib=eyJ2IjoiMSJ9.rcsVLG2G0NgtlLcj66uIrzsuxK-W1zDgGZrLQwEmW_O4FnYizZeoHRu3ToXHMjfQsu4ORZG6I2m8acQZ3guLz-T_uvHMaiubh5UkIiQy2Hd93NPmp2ov7zr0K7ZgOW713MVuEucJ0Y0xadIZJoqoZxj-Ai5bhedxCqxfoOwKfLwDmvoZMa1zdff-oOXHm1Lsqfwg6TcqF3W1_lRLRWhLhFbaPVgx-P4pgIvpz-6BjRGeaJONFM7g2mfNm3Sz0mGqz2fhhw5CP6N9DXyTudEG1QJ6eL8dN_cAi_qnQsdffTw.1jDdXYrZ4-lPwm5PnmnVr3BT3jPDOvSbgASkoIcG4kw&dib_tag=se&keywords=%E3%83%AD%E3%82%B8%E3%83%83%E3%82%AF%E3%82%A2%E3%83%8A%E3%83%A9%E3%82%A4%E3%82%B6&qid=1788594447&refinements=p_90%3A3428068051&rnid=3428066051&sr=8-25&ufe=app_do%3Aamzn1.fos.35785624-70c4-44ae-a5c3-3f044f475d63#customerReviews","(4)","https://www.amazon.co.jp/%E9%9B%BB%E5%85%89%E3%83%91%E3%83%BC%E3%83%84-IC%E3%82%AF%E3%83%AA%E3%83%83%E3%83%97-%E3%82%B0%E3%83%A9%E3%83%90%E3%83%BC%E3%82%AF%E3%83%AA%E3%83%83%E3%83%97-%E3%83%86%E3%82%B9%E3%83%88%E3%83%97%E3%83%AD%E3%83%BC%E3%83%96%E3%83%95%E3%83%83%E3%82%AF-%E3%83%AD%E3%82%B8%E3%83%83%E3%82%AF%E3%82%A2%E3%83%8A%E3%83%A9%E3%82%A4%E3%82%B6%E7%94%A8/dp/B0CCV3WSDL/ref=sr_1_25?__mk_ja_JP=%E3%82%AB%E3%82%BF%E3%82%AB%E3%83%8A&dd=AxFid_W0z8lBlv6w9FRH4w%2C%2C&dib=eyJ2IjoiMSJ9.rcsVLG2G0NgtlLcj66uIrzsuxK-W1zDgGZrLQwEmW_O4FnYizZeoHRu3ToXHMjfQsu4ORZG6I2m8acQZ3guLz-T_uvHMaiubh5UkIiQy2Hd93NPmp2ov7zr0K7ZgOW713MVuEucJ0Y0xadIZJoqoZxj-Ai5bhedxCqxfoOwKfLwDmvoZMa1zdff-oOXHm1Lsqfwg6TcqF3W1_lRLRWhLhFbaPVgx-P4pgIvpz-6BjRGeaJONFM7g2mfNm3Sz0mGqz2fhhw5CP6N9DXyTudEG1QJ6eL8dN_cAi_qnQsdffTw.1jDdXYrZ4-lPwm5PnmnVr3BT3jPDOvSbgASkoIcG4kw&dib_tag=se&keywords=%E3%83%AD%E3%82%B8%E3%83%83%E3%82%AF%E3%82%A2%E3%83%8A%E3%83%A9%E3%82%A4%E3%82%B6&qid=1788594447&refinements=p_90%3A3428068051&rnid=3428066051&sr=8-25&ufe=app_do%3Aamzn1.fos.35785624-70c4-44ae-a5c3-3f044f475d63","￥5,930","5,930","残り1点 ご注文はお早めに","日本の中小企業","または 無料配送 にお届け","javascript:void(0)","https://m.media-amazon.com/images/I/111mHoVK0kL._SS200_.png","日本の中小企業","Amazonは日本の中小企業のブランドの商品を応援しています。食品から家電まで「日本の中小企業 応援ストア」を今すぐチェック。","詳細はこちら","https://www.amazon.co.jp/b?ie=UTF8&node=10450728051"
"https://www.amazon.co.jp/%E8%96%84%E5%9E%8B%E8%BB%BD%E9%87%8F%E4%BD%8E%E4%BE%A1%E6%A0%BC%E3%83%8F%E3%82%A4%E3%82%B3%E3%82%B9%E3%83%88%E3%83%91%E3%83%95%E3%82%A9%E3%83%BC%E3%83%9E%E3%83%B3%E3%82%B9-%E3%83%87%E3%82%B8%E3%82%BF%E3%83%AB%E3%82%AA%E3%82%B7%E3%83%AD%E3%82%B9%E3%82%B3%E3%83%BC%E3%83%97-20MHz%E5%B8%AF%E5%9F%9F-SDS1022-SDS-1022-OWON-SCS%E6%97%A5%E6%9C%AC%E7%B7%8F%E4%BB%A3%E7%90%86%E5%BA%97%E4%BF%9D%E8%A8%BC/dp/B073312HCX/ref=sr_1_28?__mk_ja_JP=%E3%82%AB%E3%82%BF%E3%82%AB%E3%83%8A&dd=AxFid_W0z8lBlv6w9FRH4w%2C%2C&dib=eyJ2IjoiMSJ9.rcsVLG2G0NgtlLcj66uIrzsuxK-W1zDgGZrLQwEmW_O4FnYizZeoHRu3ToXHMjfQsu4ORZG6I2m8acQZ3guLz-T_uvHMaiubh5UkIiQy2Hd93NPmp2ov7zr0K7ZgOW713MVuEucJ0Y0xadIZJoqoZxj-Ai5bhedxCqxfoOwKfLwDmvoZMa1zdff-oOXHm1Lsqfwg6TcqF3W1_lRLRWhLhFbaPVgx-P4pgIvpz-6BjRGeaJONFM7g2mfNm3Sz0mGqz2fhhw5CP6N9DXyTudEG1QJ6eL8dN_cAi_qnQsdffTw.1jDdXYrZ4-lPwm5PnmnVr3BT3jPDOvSbgASkoIcG4kw&dib_tag=se&keywords=%E3%83%AD%E3%82%B8%E3%83%83%E3%82%AF%E3%82%A2%E3%83%8A%E3%83%A9%E3%82%A4%E3%82%B6&qid=1788594447&refinements=p_90%3A3428068051&rnid=3428066051&sr=8-28&ufe=app_do%3Aamzn1.fos.35785624-70c4-44ae-a5c3-3f044f475d63","https://m.media-amazon.com/images/W/BW_MEDIAX_AVIF_MEASUREMENT_1306696-T3/images/I/71ksQES+x+L._AC_UL320_.jpg","OWON SDS1022 デジタル オシロスコープ 2CH 20MHz 8ビット サンプリングレート 100MS/s メモリ長 20K FFT SCPI 30種自動測定 7インチ LCD ディスプレイ USB ベンチトップ 薄型 軽量 【国内正規品・3年保証】【日本語取扱説明書】【超入門テキスト付き】","4.0","javascript:void(0)","5つ星のうち4.0","https://www.amazon.co.jp/%E8%96%84%E5%9E%8B%E8%BB%BD%E9%87%8F%E4%BD%8E%E4%BE%A1%E6%A0%BC%E3%83%8F%E3%82%A4%E3%82%B3%E3%82%B9%E3%83%88%E3%83%91%E3%83%95%E3%82%A9%E3%83%BC%E3%83%9E%E3%83%B3%E3%82%B9-%E3%83%87%E3%82%B8%E3%82%BF%E3%83%AB%E3%82%AA%E3%82%B7%E3%83%AD%E3%82%B9%E3%82%B3%E3%83%BC%E3%83%97-20MHz%E5%B8%AF%E5%9F%9F-SDS1022-SDS-1022-OWON-SCS%E6%97%A5%E6%9C%AC%E7%B7%8F%E4%BB%A3%E7%90%86%E5%BA%97%E4%BF%9D%E8%A8%BC/dp/B073312HCX/ref=sr_1_28?__mk_ja_JP=%E3%82%AB%E3%82%BF%E3%82%AB%E3%83%8A&dd=AxFid_W0z8lBlv6w9FRH4w%2C%2C&dib=eyJ2IjoiMSJ9.rcsVLG2G0NgtlLcj66uIrzsuxK-W1zDgGZrLQwEmW_O4FnYizZeoHRu3ToXHMjfQsu4ORZG6I2m8acQZ3guLz-T_uvHMaiubh5UkIiQy2Hd93NPmp2ov7zr0K7ZgOW713MVuEucJ0Y0xadIZJoqoZxj-Ai5bhedxCqxfoOwKfLwDmvoZMa1zdff-oOXHm1Lsqfwg6TcqF3W1_lRLRWhLhFbaPVgx-P4pgIvpz-6BjRGeaJONFM7g2mfNm3Sz0mGqz2fhhw5CP6N9DXyTudEG1QJ6eL8dN_cAi_qnQsdffTw.1jDdXYrZ4-lPwm5PnmnVr3BT3jPDOvSbgASkoIcG4kw&dib_tag=se&keywords=%E3%83%AD%E3%82%B8%E3%83%83%E3%82%AF%E3%82%A2%E3%83%8A%E3%83%A9%E3%82%A4%E3%82%B6&qid=1788594447&refinements=p_90%3A3428068051&rnid=3428066051&sr=8-28&ufe=app_do%3Aamzn1.fos.35785624-70c4-44ae-a5c3-3f044f475d63#customerReviews","(78)","https://www.amazon.co.jp/gp/bestsellers/industrial/2746610051/ref=top_seller_insight_9","￥23,800","23,800","ベストセラー9位","- オシロスコープ","または 無料配送 にお届け","https://www.amazon.co.jp/%E8%96%84%E5%9E%8B%E8%BB%BD%E9%87%8F%E4%BD%8E%E4%BE%A1%E6%A0%BC%E3%83%8F%E3%82%A4%E3%82%B3%E3%82%B9%E3%83%88%E3%83%91%E3%83%95%E3%82%A9%E3%83%BC%E3%83%9E%E3%83%B3%E3%82%B9-%E3%83%87%E3%82%B8%E3%82%BF%E3%83%AB%E3%82%AA%E3%82%B7%E3%83%AD%E3%82%B9%E3%82%B3%E3%83%BC%E3%83%97-20MHz%E5%B8%AF%E5%9F%9F-SDS1022-SDS-1022-OWON-SCS%E6%97%A5%E6%9C%AC%E7%B7%8F%E4%BB%A3%E7%90%86%E5%BA%97%E4%BF%9D%E8%A8%BC/dp/B073312HCX/ref=sr_1_28?__mk_ja_JP=%E3%82%AB%E3%82%BF%E3%82%AB%E3%83%8A&dd=AxFid_W0z8lBlv6w9FRH4w%2C%2C&dib=eyJ2IjoiMSJ9.rcsVLG2G0NgtlLcj66uIrzsuxK-W1zDgGZrLQwEmW_O4FnYizZeoHRu3ToXHMjfQsu4ORZG6I2m8acQZ3guLz-T_uvHMaiubh5UkIiQy2Hd93NPmp2ov7zr0K7ZgOW713MVuEucJ0Y0xadIZJoqoZxj-Ai5bhedxCqxfoOwKfLwDmvoZMa1zdff-oOXHm1Lsqfwg6TcqF3W1_lRLRWhLhFbaPVgx-P4pgIvpz-6BjRGeaJONFM7g2mfNm3Sz0mGqz2fhhw5CP6N9DXyTudEG1QJ6eL8dN_cAi_qnQsdffTw.1jDdXYrZ4-lPwm5PnmnVr3BT3jPDOvSbgASkoIcG4kw&dib_tag=se&keywords=%E3%83%AD%E3%82%B8%E3%83%83%E3%82%AF%E3%82%A2%E3%83%8A%E3%83%A9%E3%82%A4%E3%82%B6&qid=1788594447&refinements=p_90%3A3428068051&rnid=3428066051&sr=8-28&ufe=app_do%3Aamzn1.fos.35785624-70c4-44ae-a5c3-3f044f475d63","","","参考:","238ポイント(1%)",""
"https://www.amazon.co.jp/KKHMF-10PCS-%E5%A4%9A%E8%89%B2-%E3%83%AD%E3%82%B8%E3%83%83%E3%82%AF%E3%83%86%E3%82%B9%E3%83%88%E3%82%AF%E3%83%AA%E3%83%83%E3%83%97-%E3%83%86%E3%82%B9%E3%83%88%E3%83%95%E3%83%83%E3%82%AF%E3%82%AF%E3%83%AA%E3%83%83%E3%83%97/dp/B01795PZZS/ref=sr_1_29?__mk_ja_JP=%E3%82%AB%E3%82%BF%E3%82%AB%E3%83%8A&dd=AxFid_W0z8lBlv6w9FRH4w%2C%2C&dib=eyJ2IjoiMSJ9.rcsVLG2G0NgtlLcj66uIrzsuxK-W1zDgGZrLQwEmW_O4FnYizZeoHRu3ToXHMjfQsu4ORZG6I2m8acQZ3guLz-T_uvHMaiubh5UkIiQy2Hd93NPmp2ov7zr0K7ZgOW713MVuEucJ0Y0xadIZJoqoZxj-Ai5bhedxCqxfoOwKfLwDmvoZMa1zdff-oOXHm1Lsqfwg6TcqF3W1_lRLRWhLhFbaPVgx-P4pgIvpz-6BjRGeaJONFM7g2mfNm3Sz0mGqz2fhhw5CP6N9DXyTudEG1QJ6eL8dN_cAi_qnQsdffTw.1jDdXYrZ4-lPwm5PnmnVr3BT3jPDOvSbgASkoIcG4kw&dib_tag=se&keywords=%E3%83%AD%E3%82%B8%E3%83%83%E3%82%AF%E3%82%A2%E3%83%8A%E3%83%A9%E3%82%A4%E3%82%B6&qid=1788594447&refinements=p_90%3A3428068051&rnid=3428066051&sr=8-29&ufe=app_do%3Aamzn1.fos.35785624-70c4-44ae-a5c3-3f044f475d63","https://m.media-amazon.com/images/W/BW_MEDIAX_AVIF_MEASUREMENT_1306696-T3/images/I/516DYr7JtBL._AC_UL320_.jpg","KKHMF 10PCS 多色 ロジックテストクリップ テストフッククリップ","3.7","javascript:void(0)","5つ星のうち3.7","https://www.amazon.co.jp/KKHMF-10PCS-%E5%A4%9A%E8%89%B2-%E3%83%AD%E3%82%B8%E3%83%83%E3%82%AF%E3%83%86%E3%82%B9%E3%83%88%E3%82%AF%E3%83%AA%E3%83%83%E3%83%97-%E3%83%86%E3%82%B9%E3%83%88%E3%83%95%E3%83%83%E3%82%AF%E3%82%AF%E3%83%AA%E3%83%83%E3%83%97/dp/B01795PZZS/ref=sr_1_29?__mk_ja_JP=%E3%82%AB%E3%82%BF%E3%82%AB%E3%83%8A&dd=AxFid_W0z8lBlv6w9FRH4w%2C%2C&dib=eyJ2IjoiMSJ9.rcsVLG2G0NgtlLcj66uIrzsuxK-W1zDgGZrLQwEmW_O4FnYizZeoHRu3ToXHMjfQsu4ORZG6I2m8acQZ3guLz-T_uvHMaiubh5UkIiQy2Hd93NPmp2ov7zr0K7ZgOW713MVuEucJ0Y0xadIZJoqoZxj-Ai5bhedxCqxfoOwKfLwDmvoZMa1zdff-oOXHm1Lsqfwg6TcqF3W1_lRLRWhLhFbaPVgx-P4pgIvpz-6BjRGeaJONFM7g2mfNm3Sz0mGqz2fhhw5CP6N9DXyTudEG1QJ6eL8dN_cAi_qnQsdffTw.1jDdXYrZ4-lPwm5PnmnVr3BT3jPDOvSbgASkoIcG4kw&dib_tag=se&keywords=%E3%83%AD%E3%82%B8%E3%83%83%E3%82%AF%E3%82%A2%E3%83%8A%E3%83%A9%E3%82%A4%E3%82%B6&qid=1788594447&refinements=p_90%3A3428068051&rnid=3428066051&sr=8-29&ufe=app_do%3Aamzn1.fos.35785624-70c4-44ae-a5c3-3f044f475d63#customerReviews","(21)","https://www.amazon.co.jp/KKHMF-10PCS-%E5%A4%9A%E8%89%B2-%E3%83%AD%E3%82%B8%E3%83%83%E3%82%AF%E3%83%86%E3%82%B9%E3%83%88%E3%82%AF%E3%83%AA%E3%83%83%E3%83%97-%E3%83%86%E3%82%B9%E3%83%88%E3%83%95%E3%83%83%E3%82%AF%E3%82%AF%E3%83%AA%E3%83%83%E3%83%97/dp/B01795PZZS/ref=sr_1_29?__mk_ja_JP=%E3%82%AB%E3%82%BF%E3%82%AB%E3%83%8A&dd=AxFid_W0z8lBlv6w9FRH4w%2C%2C&dib=eyJ2IjoiMSJ9.rcsVLG2G0NgtlLcj66uIrzsuxK-W1zDgGZrLQwEmW_O4FnYizZeoHRu3ToXHMjfQsu4ORZG6I2m8acQZ3guLz-T_uvHMaiubh5UkIiQy2Hd93NPmp2ov7zr0K7ZgOW713MVuEucJ0Y0xadIZJoqoZxj-Ai5bhedxCqxfoOwKfLwDmvoZMa1zdff-oOXHm1Lsqfwg6TcqF3W1_lRLRWhLhFbaPVgx-P4pgIvpz-6BjRGeaJONFM7g2mfNm3Sz0mGqz2fhhw5CP6N9DXyTudEG1QJ6eL8dN_cAi_qnQsdffTw.1jDdXYrZ4-lPwm5PnmnVr3BT3jPDOvSbgASkoIcG4kw&dib_tag=se&keywords=%E3%83%AD%E3%82%B8%E3%83%83%E3%82%AF%E3%82%A2%E3%83%8A%E3%83%A9%E3%82%A4%E3%82%B6&qid=1788594447&refinements=p_90%3A3428068051&rnid=3428066051&sr=8-29&ufe=app_do%3Aamzn1.fos.35785624-70c4-44ae-a5c3-3f044f475d63","￥696","696","7ポイント(1%)","ダブルポイント","または 無料配送 にお届け Amazonが発送する商品を￥3,500以上の注文","","","","残り7点 ご注文はお早めに","",""
"https://www.amazon.co.jp/Cleqee-IC%E3%83%86%E3%82%B9%E3%83%88%E3%83%95%E3%83%83%E3%82%AF%E3%82%AF%E3%83%AA%E3%83%83%E3%83%97-%E3%82%AB%E3%83%A9%E3%83%95%E3%83%AB%E3%81%AA%E3%83%9F%E3%83%8B%E3%82%B0%E3%83%A9%E3%83%90%E3%83%BC-%E3%83%96%E3%83%AC%E3%83%83%E3%83%89%E3%83%9C%E3%83%BC%E3%83%89%E3%82%B8%E3%83%A3%E3%83%B3%E3%83%91%E3%83%BC%E3%83%AF%E3%82%A4%E3%83%A4%E3%83%BC%E7%94%A8-%E3%83%AD%E3%82%B8%E3%83%83%E3%82%AF%E3%82%A2%E3%83%8A%E3%83%A9%E3%82%A4%E3%82%B6%E3%83%BC%E7%94%A8/dp/B09MZ19H3D/ref=sr_1_30?__mk_ja_JP=%E3%82%AB%E3%82%BF%E3%82%AB%E3%83%8A&dd=AxFid_W0z8lBlv6w9FRH4w%2C%2C&dib=eyJ2IjoiMSJ9.rcsVLG2G0NgtlLcj66uIrzsuxK-W1zDgGZrLQwEmW_O4FnYizZeoHRu3ToXHMjfQsu4ORZG6I2m8acQZ3guLz-T_uvHMaiubh5UkIiQy2Hd93NPmp2ov7zr0K7ZgOW713MVuEucJ0Y0xadIZJoqoZxj-Ai5bhedxCqxfoOwKfLwDmvoZMa1zdff-oOXHm1Lsqfwg6TcqF3W1_lRLRWhLhFbaPVgx-P4pgIvpz-6BjRGeaJONFM7g2mfNm3Sz0mGqz2fhhw5CP6N9DXyTudEG1QJ6eL8dN_cAi_qnQsdffTw.1jDdXYrZ4-lPwm5PnmnVr3BT3jPDOvSbgASkoIcG4kw&dib_tag=se&keywords=%E3%83%AD%E3%82%B8%E3%83%83%E3%82%AF%E3%82%A2%E3%83%8A%E3%83%A9%E3%82%A4%E3%82%B6&qid=1788594447&refinements=p_90%3A3428068051&rnid=3428066051&sr=8-30&ufe=app_do%3Aamzn1.fos.35785624-70c4-44ae-a5c3-3f044f475d63","https://m.media-amazon.com/images/W/BW_MEDIAX_AVIF_MEASUREMENT_1306696-T3/images/I/612-IK4DpFL._AC_UL320_.jpg","10個入り ミニグラバー SMD ICテストフッククリップ カラフルなテストプローブフック 2色","4.0","javascript:void(0)","5つ星のうち4.0","https://www.amazon.co.jp/Cleqee-IC%E3%83%86%E3%82%B9%E3%83%88%E3%83%95%E3%83%83%E3%82%AF%E3%82%AF%E3%83%AA%E3%83%83%E3%83%97-%E3%82%AB%E3%83%A9%E3%83%95%E3%83%AB%E3%81%AA%E3%83%9F%E3%83%8B%E3%82%B0%E3%83%A9%E3%83%90%E3%83%BC-%E3%83%96%E3%83%AC%E3%83%83%E3%83%89%E3%83%9C%E3%83%BC%E3%83%89%E3%82%B8%E3%83%A3%E3%83%B3%E3%83%91%E3%83%BC%E3%83%AF%E3%82%A4%E3%83%A4%E3%83%BC%E7%94%A8-%E3%83%AD%E3%82%B8%E3%83%83%E3%82%AF%E3%82%A2%E3%83%8A%E3%83%A9%E3%82%A4%E3%82%B6%E3%83%BC%E7%94%A8/dp/B09MZ19H3D/ref=sr_1_30?__mk_ja_JP=%E3%82%AB%E3%82%BF%E3%82%AB%E3%83%8A&dd=AxFid_W0z8lBlv6w9FRH4w%2C%2C&dib=eyJ2IjoiMSJ9.rcsVLG2G0NgtlLcj66uIrzsuxK-W1zDgGZrLQwEmW_O4FnYizZeoHRu3ToXHMjfQsu4ORZG6I2m8acQZ3guLz-T_uvHMaiubh5UkIiQy2Hd93NPmp2ov7zr0K7ZgOW713MVuEucJ0Y0xadIZJoqoZxj-Ai5bhedxCqxfoOwKfLwDmvoZMa1zdff-oOXHm1Lsqfwg6TcqF3W1_lRLRWhLhFbaPVgx-P4pgIvpz-6BjRGeaJONFM7g2mfNm3Sz0mGqz2fhhw5CP6N9DXyTudEG1QJ6eL8dN_cAi_qnQsdffTw.1jDdXYrZ4-lPwm5PnmnVr3BT3jPDOvSbgASkoIcG4kw&dib_tag=se&keywords=%E3%83%AD%E3%82%B8%E3%83%83%E3%82%AF%E3%82%A2%E3%83%8A%E3%83%A9%E3%82%A4%E3%82%B6&qid=1788594447&refinements=p_90%3A3428068051&rnid=3428066051&sr=8-30&ufe=app_do%3Aamzn1.fos.35785624-70c4-44ae-a5c3-3f044f475d63#customerReviews","(28)","https://www.amazon.co.jp/Cleqee-IC%E3%83%86%E3%82%B9%E3%83%88%E3%83%95%E3%83%83%E3%82%AF%E3%82%AF%E3%83%AA%E3%83%83%E3%83%97-%E3%82%AB%E3%83%A9%E3%83%95%E3%83%AB%E3%81%AA%E3%83%9F%E3%83%8B%E3%82%B0%E3%83%A9%E3%83%90%E3%83%BC-%E3%83%96%E3%83%AC%E3%83%83%E3%83%89%E3%83%9C%E3%83%BC%E3%83%89%E3%82%B8%E3%83%A3%E3%83%B3%E3%83%91%E3%83%BC%E3%83%AF%E3%82%A4%E3%83%A4%E3%83%BC%E7%94%A8-%E3%83%AD%E3%82%B8%E3%83%83%E3%82%AF%E3%82%A2%E3%83%8A%E3%83%A9%E3%82%A4%E3%82%B6%E3%83%BC%E7%94%A8/dp/B09MZ19H3D/ref=sr_1_30?__mk_ja_JP=%E3%82%AB%E3%82%BF%E3%82%AB%E3%83%8A&dd=AxFid_W0z8lBlv6w9FRH4w%2C%2C&dib=eyJ2IjoiMSJ9.rcsVLG2G0NgtlLcj66uIrzsuxK-W1zDgGZrLQwEmW_O4FnYizZeoHRu3ToXHMjfQsu4ORZG6I2m8acQZ3guLz-T_uvHMaiubh5UkIiQy2Hd93NPmp2ov7zr0K7ZgOW713MVuEucJ0Y0xadIZJoqoZxj-Ai5bhedxCqxfoOwKfLwDmvoZMa1zdff-oOXHm1Lsqfwg6TcqF3W1_lRLRWhLhFbaPVgx-P4pgIvpz-6BjRGeaJONFM7g2mfNm3Sz0mGqz2fhhw5CP6N9DXyTudEG1QJ6eL8dN_cAi_qnQsdffTw.1jDdXYrZ4-lPwm5PnmnVr3BT3jPDOvSbgASkoIcG4kw&dib_tag=se&keywords=%E3%83%AD%E3%82%B8%E3%83%83%E3%82%AF%E3%82%A2%E3%83%8A%E3%83%A9%E3%82%A4%E3%82%B6&qid=1788594447&refinements=p_90%3A3428068051&rnid=3428066051&sr=8-30&ufe=app_do%3Aamzn1.fos.35785624-70c4-44ae-a5c3-3f044f475d63","￥1,999","1,999","ブレッドボードジャンパーワイヤー用 ロジックアナライザー用","20ポイント(1%)","または 無料配送 にお届け Amazonが発送する商品を￥3,500以上の注文","","","","ダブルポイント","残り20点 ご注文はお早めに",""
"https://www.amazon.co.jp/Cleqee-10%E3%82%B0%E3%83%AB%E3%83%BC%E3%83%97-%E3%83%9F%E3%83%8B%E3%82%B0%E3%83%A9%E3%83%90%E3%83%BCSMD-IC%E3%83%86%E3%82%B9%E3%83%88%E3%83%95%E3%83%83%E3%82%AF%E3%82%AF%E3%83%AA%E3%83%83%E3%83%97%E3%82%B8%E3%83%A3%E3%83%B3%E3%83%91%E3%83%BC%E3%83%97%E3%83%AD%E3%83%BC%E3%83%96%E3%83%86%E3%82%B9%E3%83%88%E3%83%AA%E3%83%BC%E3%83%89%E3%82%AD%E3%83%83%E3%83%88-%E3%83%AD%E3%82%B8%E3%83%83%E3%82%AF%E3%82%A2%E3%83%8A%E3%83%A9%E3%82%A4%E3%82%B6%E3%83%BC%E7%94%A8/dp/B083W1RMZV/ref=sr_1_31?__mk_ja_JP=%E3%82%AB%E3%82%BF%E3%82%AB%E3%83%8A&dd=AxFid_W0z8lBlv6w9FRH4w%2C%2C&dib=eyJ2IjoiMSJ9.rcsVLG2G0NgtlLcj66uIrzsuxK-W1zDgGZrLQwEmW_O4FnYizZeoHRu3ToXHMjfQsu4ORZG6I2m8acQZ3guLz-T_uvHMaiubh5UkIiQy2Hd93NPmp2ov7zr0K7ZgOW713MVuEucJ0Y0xadIZJoqoZxj-Ai5bhedxCqxfoOwKfLwDmvoZMa1zdff-oOXHm1Lsqfwg6TcqF3W1_lRLRWhLhFbaPVgx-P4pgIvpz-6BjRGeaJONFM7g2mfNm3Sz0mGqz2fhhw5CP6N9DXyTudEG1QJ6eL8dN_cAi_qnQsdffTw.1jDdXYrZ4-lPwm5PnmnVr3BT3jPDOvSbgASkoIcG4kw&dib_tag=se&keywords=%E3%83%AD%E3%82%B8%E3%83%83%E3%82%AF%E3%82%A2%E3%83%8A%E3%83%A9%E3%82%A4%E3%82%B6&qid=1788594447&refinements=p_90%3A3428068051&rnid=3428066051&sr=8-31&ufe=app_do%3Aamzn1.fos.35785624-70c4-44ae-a5c3-3f044f475d63","https://m.media-amazon.com/images/W/BW_MEDIAX_AVIF_MEASUREMENT_1306696-T3/images/I/71O5Y5TeEaL._AC_UL320_.jpg","ミニグラバーSMD ICテストフッククリップ ジャンパープローブ テストリードキット ロジックアナライザー用 5色10グループ","3.9","javascript:void(0)","5つ星のうち3.9","https://www.amazon.co.jp/Cleqee-10%E3%82%B0%E3%83%AB%E3%83%BC%E3%83%97-%E3%83%9F%E3%83%8B%E3%82%B0%E3%83%A9%E3%83%90%E3%83%BCSMD-IC%E3%83%86%E3%82%B9%E3%83%88%E3%83%95%E3%83%83%E3%82%AF%E3%82%AF%E3%83%AA%E3%83%83%E3%83%97%E3%82%B8%E3%83%A3%E3%83%B3%E3%83%91%E3%83%BC%E3%83%97%E3%83%AD%E3%83%BC%E3%83%96%E3%83%86%E3%82%B9%E3%83%88%E3%83%AA%E3%83%BC%E3%83%89%E3%82%AD%E3%83%83%E3%83%88-%E3%83%AD%E3%82%B8%E3%83%83%E3%82%AF%E3%82%A2%E3%83%8A%E3%83%A9%E3%82%A4%E3%82%B6%E3%83%BC%E7%94%A8/dp/B083W1RMZV/ref=sr_1_31?__mk_ja_JP=%E3%82%AB%E3%82%BF%E3%82%AB%E3%83%8A&dd=AxFid_W0z8lBlv6w9FRH4w%2C%2C&dib=eyJ2IjoiMSJ9.rcsVLG2G0NgtlLcj66uIrzsuxK-W1zDgGZrLQwEmW_O4FnYizZeoHRu3ToXHMjfQsu4ORZG6I2m8acQZ3guLz-T_uvHMaiubh5UkIiQy2Hd93NPmp2ov7zr0K7ZgOW713MVuEucJ0Y0xadIZJoqoZxj-Ai5bhedxCqxfoOwKfLwDmvoZMa1zdff-oOXHm1Lsqfwg6TcqF3W1_lRLRWhLhFbaPVgx-P4pgIvpz-6BjRGeaJONFM7g2mfNm3Sz0mGqz2fhhw5CP6N9DXyTudEG1QJ6eL8dN_cAi_qnQsdffTw.1jDdXYrZ4-lPwm5PnmnVr3BT3jPDOvSbgASkoIcG4kw&dib_tag=se&keywords=%E3%83%AD%E3%82%B8%E3%83%83%E3%82%AF%E3%82%A2%E3%83%8A%E3%83%A9%E3%82%A4%E3%82%B6&qid=1788594447&refinements=p_90%3A3428068051&rnid=3428066051&sr=8-31&ufe=app_do%3Aamzn1.fos.35785624-70c4-44ae-a5c3-3f044f475d63#customerReviews","(78)","https://www.amazon.co.jp/Cleqee-10%E3%82%B0%E3%83%AB%E3%83%BC%E3%83%97-%E3%83%9F%E3%83%8B%E3%82%B0%E3%83%A9%E3%83%90%E3%83%BCSMD-IC%E3%83%86%E3%82%B9%E3%83%88%E3%83%95%E3%83%83%E3%82%AF%E3%82%AF%E3%83%AA%E3%83%83%E3%83%97%E3%82%B8%E3%83%A3%E3%83%B3%E3%83%91%E3%83%BC%E3%83%97%E3%83%AD%E3%83%BC%E3%83%96%E3%83%86%E3%82%B9%E3%83%88%E3%83%AA%E3%83%BC%E3%83%89%E3%82%AD%E3%83%83%E3%83%88-%E3%83%AD%E3%82%B8%E3%83%83%E3%82%AF%E3%82%A2%E3%83%8A%E3%83%A9%E3%82%A4%E3%82%B6%E3%83%BC%E7%94%A8/dp/B083W1RMZV/ref=sr_1_31?__mk_ja_JP=%E3%82%AB%E3%82%BF%E3%82%AB%E3%83%8A&dd=AxFid_W0z8lBlv6w9FRH4w%2C%2C&dib=eyJ2IjoiMSJ9.rcsVLG2G0NgtlLcj66uIrzsuxK-W1zDgGZrLQwEmW_O4FnYizZeoHRu3ToXHMjfQsu4ORZG6I2m8acQZ3guLz-T_uvHMaiubh5UkIiQy2Hd93NPmp2ov7zr0K7ZgOW713MVuEucJ0Y0xadIZJoqoZxj-Ai5bhedxCqxfoOwKfLwDmvoZMa1zdff-oOXHm1Lsqfwg6TcqF3W1_lRLRWhLhFbaPVgx-P4pgIvpz-6BjRGeaJONFM7g2mfNm3Sz0mGqz2fhhw5CP6N9DXyTudEG1QJ6eL8dN_cAi_qnQsdffTw.1jDdXYrZ4-lPwm5PnmnVr3BT3jPDOvSbgASkoIcG4kw&dib_tag=se&keywords=%E3%83%AD%E3%82%B8%E3%83%83%E3%82%AF%E3%82%A2%E3%83%8A%E3%83%A9%E3%82%A4%E3%82%B6&qid=1788594447&refinements=p_90%3A3428068051&rnid=3428066051&sr=8-31&ufe=app_do%3Aamzn1.fos.35785624-70c4-44ae-a5c3-3f044f475d63","￥2,399","2,399","24ポイント(1%)","ダブルポイント","または 無料配送 にお届け Amazonが発送する商品を￥3,500以上の注文","","","","","",""
"https://www.amazon.co.jp/DSD-TECH-SH-C31A-USB-2-0%E3%81%AB%E5%9F%BA%E3%81%A5%E3%81%8FFD%E3%82%B5%E3%83%9D%E3%83%BC%E3%83%88/dp/B0CDGD1FSH/ref=sr_1_32?__mk_ja_JP=%E3%82%AB%E3%82%BF%E3%82%AB%E3%83%8A&dd=AxFid_W0z8lBlv6w9FRH4w%2C%2C&dib=eyJ2IjoiMSJ9.rcsVLG2G0NgtlLcj66uIrzsuxK-W1zDgGZrLQwEmW_O4FnYizZeoHRu3ToXHMjfQsu4ORZG6I2m8acQZ3guLz-T_uvHMaiubh5UkIiQy2Hd93NPmp2ov7zr0K7ZgOW713MVuEucJ0Y0xadIZJoqoZxj-Ai5bhedxCqxfoOwKfLwDmvoZMa1zdff-oOXHm1Lsqfwg6TcqF3W1_lRLRWhLhFbaPVgx-P4pgIvpz-6BjRGeaJONFM7g2mfNm3Sz0mGqz2fhhw5CP6N9DXyTudEG1QJ6eL8dN_cAi_qnQsdffTw.1jDdXYrZ4-lPwm5PnmnVr3BT3jPDOvSbgASkoIcG4kw&dib_tag=se&keywords=%E3%83%AD%E3%82%B8%E3%83%83%E3%82%AF%E3%82%A2%E3%83%8A%E3%83%A9%E3%82%A4%E3%82%B6&qid=1788594447&refinements=p_90%3A3428068051&rnid=3428066051&sr=8-32&ufe=app_do%3Aamzn1.fos.35785624-70c4-44ae-a5c3-3f044f475d63","https://m.media-amazon.com/images/W/BW_MEDIAX_AVIF_MEASUREMENT_1306696-T3/images/I/71YAp6cl8UL._AC_UL320_.jpg","DSD TECH SH-C31A USB - CANアダプター Canable 2.0に基づくFDサポート","4.3","javascript:void(0)","5つ星のうち4.3","https://www.amazon.co.jp/DSD-TECH-SH-C31A-USB-2-0%E3%81%AB%E5%9F%BA%E3%81%A5%E3%81%8FFD%E3%82%B5%E3%83%9D%E3%83%BC%E3%83%88/dp/B0CDGD1FSH/ref=sr_1_32?__mk_ja_JP=%E3%82%AB%E3%82%BF%E3%82%AB%E3%83%8A&dd=AxFid_W0z8lBlv6w9FRH4w%2C%2C&dib=eyJ2IjoiMSJ9.rcsVLG2G0NgtlLcj66uIrzsuxK-W1zDgGZrLQwEmW_O4FnYizZeoHRu3ToXHMjfQsu4ORZG6I2m8acQZ3guLz-T_uvHMaiubh5UkIiQy2Hd93NPmp2ov7zr0K7ZgOW713MVuEucJ0Y0xadIZJoqoZxj-Ai5bhedxCqxfoOwKfLwDmvoZMa1zdff-oOXHm1Lsqfwg6TcqF3W1_lRLRWhLhFbaPVgx-P4pgIvpz-6BjRGeaJONFM7g2mfNm3Sz0mGqz2fhhw5CP6N9DXyTudEG1QJ6eL8dN_cAi_qnQsdffTw.1jDdXYrZ4-lPwm5PnmnVr3BT3jPDOvSbgASkoIcG4kw&dib_tag=se&keywords=%E3%83%AD%E3%82%B8%E3%83%83%E3%82%AF%E3%82%A2%E3%83%8A%E3%83%A9%E3%82%A4%E3%82%B6&qid=1788594447&refinements=p_90%3A3428068051&rnid=3428066051&sr=8-32&ufe=app_do%3Aamzn1.fos.35785624-70c4-44ae-a5c3-3f044f475d63#customerReviews","(71)","https://www.amazon.co.jp/DSD-TECH-SH-C31A-USB-2-0%E3%81%AB%E5%9F%BA%E3%81%A5%E3%81%8FFD%E3%82%B5%E3%83%9D%E3%83%BC%E3%83%88/dp/B0CDGD1FSH/ref=sr_1_32?__mk_ja_JP=%E3%82%AB%E3%82%BF%E3%82%AB%E3%83%8A&dd=AxFid_W0z8lBlv6w9FRH4w%2C%2C&dib=eyJ2IjoiMSJ9.rcsVLG2G0NgtlLcj66uIrzsuxK-W1zDgGZrLQwEmW_O4FnYizZeoHRu3ToXHMjfQsu4ORZG6I2m8acQZ3guLz-T_uvHMaiubh5UkIiQy2Hd93NPmp2ov7zr0K7ZgOW713MVuEucJ0Y0xadIZJoqoZxj-Ai5bhedxCqxfoOwKfLwDmvoZMa1zdff-oOXHm1Lsqfwg6TcqF3W1_lRLRWhLhFbaPVgx-P4pgIvpz-6BjRGeaJONFM7g2mfNm3Sz0mGqz2fhhw5CP6N9DXyTudEG1QJ6eL8dN_cAi_qnQsdffTw.1jDdXYrZ4-lPwm5PnmnVr3BT3jPDOvSbgASkoIcG4kw&dib_tag=se&keywords=%E3%83%AD%E3%82%B8%E3%83%83%E3%82%AF%E3%82%A2%E3%83%8A%E3%83%A9%E3%82%A4%E3%82%B6&qid=1788594447&refinements=p_90%3A3428068051&rnid=3428066051&sr=8-32&ufe=app_do%3Aamzn1.fos.35785624-70c4-44ae-a5c3-3f044f475d63","￥3,299","3,299","66ポイント(2%)","ダブルポイント","または 無料配送 にお届け Amazonが発送する商品を￥3,500以上の注文","","","","","",""
"https://www.amazon.co.jp/RIGOL-%E3%83%87%E3%82%B8%E3%82%BF%E3%83%AB%E3%83%BB%E3%82%AA%E3%82%B7%E3%83%AD%E3%82%B9%E3%82%B3%E3%83%BC%E3%83%97-DHO914-125MHz%E5%91%A8%E6%B3%A2%E6%95%B0%E5%B8%AF%E5%9F%9F-50Mpts%E6%9C%80%E5%A4%A7%E3%83%A1%E3%83%A2%E3%83%AA%E9%95%B7%E3%80%90%E5%9B%BD%E5%86%85%E6%AD%A3%E8%A6%8F%E5%93%81%E3%80%91%E3%80%90%E3%83%A1%E3%83%BC%E3%82%AB%E3%83%BC%E7%9B%B4%E5%96%B63%E5%B9%B4%E4%BF%9D%E8%A8%BC%E3%80%91%E3%80%90%E3%83%8F%E3%82%A4%E3%82%B3%E3%82%B9%E3%83%88%E3%83%91%E3%83%95%E3%82%A9%E3%83%BC%E3%83%9E%E3%83%B3%E3%82%B9%E3%80%91/dp/B0CGHQC6ZP/ref=sr_1_33?__mk_ja_JP=%E3%82%AB%E3%82%BF%E3%82%AB%E3%83%8A&dd=AxFid_W0z8lBlv6w9FRH4w%2C%2C&dib=eyJ2IjoiMSJ9.rcsVLG2G0NgtlLcj66uIrzsuxK-W1zDgGZrLQwEmW_O4FnYizZeoHRu3ToXHMjfQsu4ORZG6I2m8acQZ3guLz-T_uvHMaiubh5UkIiQy2Hd93NPmp2ov7zr0K7ZgOW713MVuEucJ0Y0xadIZJoqoZxj-Ai5bhedxCqxfoOwKfLwDmvoZMa1zdff-oOXHm1Lsqfwg6TcqF3W1_lRLRWhLhFbaPVgx-P4pgIvpz-6BjRGeaJONFM7g2mfNm3Sz0mGqz2fhhw5CP6N9DXyTudEG1QJ6eL8dN_cAi_qnQsdffTw.1jDdXYrZ4-lPwm5PnmnVr3BT3jPDOvSbgASkoIcG4kw&dib_tag=se&keywords=%E3%83%AD%E3%82%B8%E3%83%83%E3%82%AF%E3%82%A2%E3%83%8A%E3%83%A9%E3%82%A4%E3%82%B6&qid=1788594447&refinements=p_90%3A3428068051&rnid=3428066051&sr=8-33&ufe=app_do%3Aamzn1.fos.35785624-70c4-44ae-a5c3-3f044f475d63","https://m.media-amazon.com/images/W/BW_MEDIAX_AVIF_MEASUREMENT_1306696-T3/images/I/71PMXGKRYFL._AC_UL320_.jpg","RIGOL デジタル・オシロスコープ DHO914 125MHz周波数帯域+12bit垂直分解能+最高1.25GSa/sサンプル・レート+1000,000wfms/s波形取り込みレート+4アナログ・チャンネル+16デジタルチャンネル+50Mpts最大メモリ長【国内正規品】【メーカー直営3年保証】【ハイコストパフォーマンス】","4.5","javascript:void(0)","5つ星のうち4.5","https://www.amazon.co.jp/RIGOL-%E3%83%87%E3%82%B8%E3%82%BF%E3%83%AB%E3%83%BB%E3%82%AA%E3%82%B7%E3%83%AD%E3%82%B9%E3%82%B3%E3%83%BC%E3%83%97-DHO914-125MHz%E5%91%A8%E6%B3%A2%E6%95%B0%E5%B8%AF%E5%9F%9F-50Mpts%E6%9C%80%E5%A4%A7%E3%83%A1%E3%83%A2%E3%83%AA%E9%95%B7%E3%80%90%E5%9B%BD%E5%86%85%E6%AD%A3%E8%A6%8F%E5%93%81%E3%80%91%E3%80%90%E3%83%A1%E3%83%BC%E3%82%AB%E3%83%BC%E7%9B%B4%E5%96%B63%E5%B9%B4%E4%BF%9D%E8%A8%BC%E3%80%91%E3%80%90%E3%83%8F%E3%82%A4%E3%82%B3%E3%82%B9%E3%83%88%E3%83%91%E3%83%95%E3%82%A9%E3%83%BC%E3%83%9E%E3%83%B3%E3%82%B9%E3%80%91/dp/B0CGHQC6ZP/ref=sr_1_33?__mk_ja_JP=%E3%82%AB%E3%82%BF%E3%82%AB%E3%83%8A&dd=AxFid_W0z8lBlv6w9FRH4w%2C%2C&dib=eyJ2IjoiMSJ9.rcsVLG2G0NgtlLcj66uIrzsuxK-W1zDgGZrLQwEmW_O4FnYizZeoHRu3ToXHMjfQsu4ORZG6I2m8acQZ3guLz-T_uvHMaiubh5UkIiQy2Hd93NPmp2ov7zr0K7ZgOW713MVuEucJ0Y0xadIZJoqoZxj-Ai5bhedxCqxfoOwKfLwDmvoZMa1zdff-oOXHm1Lsqfwg6TcqF3W1_lRLRWhLhFbaPVgx-P4pgIvpz-6BjRGeaJONFM7g2mfNm3Sz0mGqz2fhhw5CP6N9DXyTudEG1QJ6eL8dN_cAi_qnQsdffTw.1jDdXYrZ4-lPwm5PnmnVr3BT3jPDOvSbgASkoIcG4kw&dib_tag=se&keywords=%E3%83%AD%E3%82%B8%E3%83%83%E3%82%AF%E3%82%A2%E3%83%8A%E3%83%A9%E3%82%A4%E3%82%B6&qid=1788594447&refinements=p_90%3A3428068051&rnid=3428066051&sr=8-33&ufe=app_do%3Aamzn1.fos.35785624-70c4-44ae-a5c3-3f044f475d63#customerReviews","(25)","https://www.amazon.co.jp/RIGOL-%E3%83%87%E3%82%B8%E3%82%BF%E3%83%AB%E3%83%BB%E3%82%AA%E3%82%B7%E3%83%AD%E3%82%B9%E3%82%B3%E3%83%BC%E3%83%97-DHO914-125MHz%E5%91%A8%E6%B3%A2%E6%95%B0%E5%B8%AF%E5%9F%9F-50Mpts%E6%9C%80%E5%A4%A7%E3%83%A1%E3%83%A2%E3%83%AA%E9%95%B7%E3%80%90%E5%9B%BD%E5%86%85%E6%AD%A3%E8%A6%8F%E5%93%81%E3%80%91%E3%80%90%E3%83%A1%E3%83%BC%E3%82%AB%E3%83%BC%E7%9B%B4%E5%96%B63%E5%B9%B4%E4%BF%9D%E8%A8%BC%E3%80%91%E3%80%90%E3%83%8F%E3%82%A4%E3%82%B3%E3%82%B9%E3%83%88%E3%83%91%E3%83%95%E3%82%A9%E3%83%BC%E3%83%9E%E3%83%B3%E3%82%B9%E3%80%91/dp/B0CGHQC6ZP/ref=sr_1_33?__mk_ja_JP=%E3%82%AB%E3%82%BF%E3%82%AB%E3%83%8A&dd=AxFid_W0z8lBlv6w9FRH4w%2C%2C&dib=eyJ2IjoiMSJ9.rcsVLG2G0NgtlLcj66uIrzsuxK-W1zDgGZrLQwEmW_O4FnYizZeoHRu3ToXHMjfQsu4ORZG6I2m8acQZ3guLz-T_uvHMaiubh5UkIiQy2Hd93NPmp2ov7zr0K7ZgOW713MVuEucJ0Y0xadIZJoqoZxj-Ai5bhedxCqxfoOwKfLwDmvoZMa1zdff-oOXHm1Lsqfwg6TcqF3W1_lRLRWhLhFbaPVgx-P4pgIvpz-6BjRGeaJONFM7g2mfNm3Sz0mGqz2fhhw5CP6N9DXyTudEG1QJ6eL8dN_cAi_qnQsdffTw.1jDdXYrZ4-lPwm5PnmnVr3BT3jPDOvSbgASkoIcG4kw&dib_tag=se&keywords=%E3%83%AD%E3%82%B8%E3%83%83%E3%82%AF%E3%82%A2%E3%83%8A%E3%83%A9%E3%82%A4%E3%82%B6&qid=1788594447&refinements=p_90%3A3428068051&rnid=3428066051&sr=8-33&ufe=app_do%3Aamzn1.fos.35785624-70c4-44ae-a5c3-3f044f475d63","￥103,950","103,950","2079ポイント(2%)","ダブルポイント","または 無料配送 にお届け","","","","","",""
"https://www.amazon.co.jp/RIGOL-%E3%83%87%E3%82%B8%E3%82%BF%E3%83%AB%E3%83%BB%E3%82%AA%E3%82%B7%E3%83%AD%E3%82%B9%E3%82%B3%E3%83%BC%E3%83%97-DHO814-100MHz%E5%91%A8%E6%B3%A2%E6%95%B0%E5%B8%AF%E5%9F%9F-25Mpts%E6%9C%80%E5%A4%A7%E3%83%A1%E3%83%A2%E3%83%AA%E9%95%B7%EF%BC%8B1M%CE%A9%E5%85%A5%E5%8A%9B%E3%82%A4%E3%83%B3%E3%83%94%E3%83%BC%E3%83%80%E3%83%B3%E3%82%B9%E3%80%90%E5%9B%BD%E5%86%85%E6%AD%A3%E8%A6%8F%E5%93%81%E3%80%91%E3%80%90%E3%83%A1%E3%83%BC%E3%82%AB%E3%83%BC%E7%9B%B4%E5%96%B63%E5%B9%B4%E4%BF%9D%E8%A8%BC%E3%80%91%E3%80%90%E3%83%8F%E3%82%A4%E3%82%B3%E3%82%B9%E3%83%88%E3%83%91%E3%83%95%E3%82%A9%E3%83%BC%E3%83%9E%E3%83%B3%E3%82%B9%E3%80%91/dp/B0CGHQPWZ2/ref=sr_1_34?__mk_ja_JP=%E3%82%AB%E3%82%BF%E3%82%AB%E3%83%8A&dd=AxFid_W0z8lBlv6w9FRH4w%2C%2C&dib=eyJ2IjoiMSJ9.rcsVLG2G0NgtlLcj66uIrzsuxK-W1zDgGZrLQwEmW_O4FnYizZeoHRu3ToXHMjfQsu4ORZG6I2m8acQZ3guLz-T_uvHMaiubh5UkIiQy2Hd93NPmp2ov7zr0K7ZgOW713MVuEucJ0Y0xadIZJoqoZxj-Ai5bhedxCqxfoOwKfLwDmvoZMa1zdff-oOXHm1Lsqfwg6TcqF3W1_lRLRWhLhFbaPVgx-P4pgIvpz-6BjRGeaJONFM7g2mfNm3Sz0mGqz2fhhw5CP6N9DXyTudEG1QJ6eL8dN_cAi_qnQsdffTw.1jDdXYrZ4-lPwm5PnmnVr3BT3jPDOvSbgASkoIcG4kw&dib_tag=se&keywords=%E3%83%AD%E3%82%B8%E3%83%83%E3%82%AF%E3%82%A2%E3%83%8A%E3%83%A9%E3%82%A4%E3%82%B6&qid=1788594447&refinements=p_90%3A3428068051&rnid=3428066051&sr=8-34&ufe=app_do%3Aamzn1.fos.35785624-70c4-44ae-a5c3-3f044f475d63","https://m.media-amazon.com/images/W/BW_MEDIAX_AVIF_MEASUREMENT_1306696-T3/images/I/71WUYcUz+UL._AC_UL320_.jpg","RIGOL デジタル・オシロスコープ DHO814 100MHz周波数帯域+12bit垂直分解能+最高1.25GSa/sサンプル・レート+1000,000wfms/s波形取り込みレート+4アナログ・チャンネル+25Mpts最大メモリ長＋1MΩ入力インピーダンス【国内正規品】【メーカー直営3年保証】【ハイコストパフォーマンス】","4.3","javascript:void(0)","5つ星のうち4.3","https://www.amazon.co.jp/RIGOL-%E3%83%87%E3%82%B8%E3%82%BF%E3%83%AB%E3%83%BB%E3%82%AA%E3%82%B7%E3%83%AD%E3%82%B9%E3%82%B3%E3%83%BC%E3%83%97-DHO814-100MHz%E5%91%A8%E6%B3%A2%E6%95%B0%E5%B8%AF%E5%9F%9F-25Mpts%E6%9C%80%E5%A4%A7%E3%83%A1%E3%83%A2%E3%83%AA%E9%95%B7%EF%BC%8B1M%CE%A9%E5%85%A5%E5%8A%9B%E3%82%A4%E3%83%B3%E3%83%94%E3%83%BC%E3%83%80%E3%83%B3%E3%82%B9%E3%80%90%E5%9B%BD%E5%86%85%E6%AD%A3%E8%A6%8F%E5%93%81%E3%80%91%E3%80%90%E3%83%A1%E3%83%BC%E3%82%AB%E3%83%BC%E7%9B%B4%E5%96%B63%E5%B9%B4%E4%BF%9D%E8%A8%BC%E3%80%91%E3%80%90%E3%83%8F%E3%82%A4%E3%82%B3%E3%82%B9%E3%83%88%E3%83%91%E3%83%95%E3%82%A9%E3%83%BC%E3%83%9E%E3%83%B3%E3%82%B9%E3%80%91/dp/B0CGHQPWZ2/ref=sr_1_34?__mk_ja_JP=%E3%82%AB%E3%82%BF%E3%82%AB%E3%83%8A&dd=AxFid_W0z8lBlv6w9FRH4w%2C%2C&dib=eyJ2IjoiMSJ9.rcsVLG2G0NgtlLcj66uIrzsuxK-W1zDgGZrLQwEmW_O4FnYizZeoHRu3ToXHMjfQsu4ORZG6I2m8acQZ3guLz-T_uvHMaiubh5UkIiQy2Hd93NPmp2ov7zr0K7ZgOW713MVuEucJ0Y0xadIZJoqoZxj-Ai5bhedxCqxfoOwKfLwDmvoZMa1zdff-oOXHm1Lsqfwg6TcqF3W1_lRLRWhLhFbaPVgx-P4pgIvpz-6BjRGeaJONFM7g2mfNm3Sz0mGqz2fhhw5CP6N9DXyTudEG1QJ6eL8dN_cAi_qnQsdffTw.1jDdXYrZ4-lPwm5PnmnVr3BT3jPDOvSbgASkoIcG4kw&dib_tag=se&keywords=%E3%83%AD%E3%82%B8%E3%83%83%E3%82%AF%E3%82%A2%E3%83%8A%E3%83%A9%E3%82%A4%E3%82%B6&qid=1788594447&refinements=p_90%3A3428068051&rnid=3428066051&sr=8-34&ufe=app_do%3Aamzn1.fos.35785624-70c4-44ae-a5c3-3f044f475d63#customerReviews","(87)","https://www.amazon.co.jp/gp/bestsellers/industrial/2746610051/ref=top_seller_insight_4","￥79,978","79,978","ベストセラー4位","- オシロスコープ","または 無料配送 にお届け","https://www.amazon.co.jp/RIGOL-%E3%83%87%E3%82%B8%E3%82%BF%E3%83%AB%E3%83%BB%E3%82%AA%E3%82%B7%E3%83%AD%E3%82%B9%E3%82%B3%E3%83%BC%E3%83%97-DHO814-100MHz%E5%91%A8%E6%B3%A2%E6%95%B0%E5%B8%AF%E5%9F%9F-25Mpts%E6%9C%80%E5%A4%A7%E3%83%A1%E3%83%A2%E3%83%AA%E9%95%B7%EF%BC%8B1M%CE%A9%E5%85%A5%E5%8A%9B%E3%82%A4%E3%83%B3%E3%83%94%E3%83%BC%E3%83%80%E3%83%B3%E3%82%B9%E3%80%90%E5%9B%BD%E5%86%85%E6%AD%A3%E8%A6%8F%E5%93%81%E3%80%91%E3%80%90%E3%83%A1%E3%83%BC%E3%82%AB%E3%83%BC%E7%9B%B4%E5%96%B63%E5%B9%B4%E4%BF%9D%E8%A8%BC%E3%80%91%E3%80%90%E3%83%8F%E3%82%A4%E3%82%B3%E3%82%B9%E3%83%88%E3%83%91%E3%83%95%E3%82%A9%E3%83%BC%E3%83%9E%E3%83%B3%E3%82%B9%E3%80%91/dp/B0CGHQPWZ2/ref=sr_1_34?__mk_ja_JP=%E3%82%AB%E3%82%BF%E3%82%AB%E3%83%8A&dd=AxFid_W0z8lBlv6w9FRH4w%2C%2C&dib=eyJ2IjoiMSJ9.rcsVLG2G0NgtlLcj66uIrzsuxK-W1zDgGZrLQwEmW_O4FnYizZeoHRu3ToXHMjfQsu4ORZG6I2m8acQZ3guLz-T_uvHMaiubh5UkIiQy2Hd93NPmp2ov7zr0K7ZgOW713MVuEucJ0Y0xadIZJoqoZxj-Ai5bhedxCqxfoOwKfLwDmvoZMa1zdff-oOXHm1Lsqfwg6TcqF3W1_lRLRWhLhFbaPVgx-P4pgIvpz-6BjRGeaJONFM7g2mfNm3Sz0mGqz2fhhw5CP6N9DXyTudEG1QJ6eL8dN_cAi_qnQsdffTw.1jDdXYrZ4-lPwm5PnmnVr3BT3jPDOvSbgASkoIcG4kw&dib_tag=se&keywords=%E3%83%AD%E3%82%B8%E3%83%83%E3%82%AF%E3%82%A2%E3%83%8A%E3%83%A9%E3%82%A4%E3%82%B6&qid=1788594447&refinements=p_90%3A3428068051&rnid=3428066051&sr=8-34&ufe=app_do%3Aamzn1.fos.35785624-70c4-44ae-a5c3-3f044f475d63","","","800ポイント(1%)","残り3点（入荷予定あり）",""
"https://www.amazon.co.jp/OWON-%E3%83%87%E3%82%B8%E3%82%BF%E3%83%AB%E3%83%BB%E3%82%AA%E3%82%B7%E3%83%AD%E3%82%B9%E3%82%B3%E3%83%BC%E3%83%97-%E3%82%BF%E3%83%83%E3%83%81%E3%82%B9%E3%82%AF%E3%83%AA%E3%83%BC%E3%83%B3-%E3%80%90%E5%9B%BD%E5%86%85%E6%AD%A3%E8%A6%8F%E5%93%81%E3%83%BB3%E5%B9%B4%E4%BF%9D%E8%A8%BC%E3%80%91-ADS800A%E3%82%B7%E3%83%AA%E3%83%BC%E3%82%BA/dp/B0FBRH2ZY8/ref=sr_1_35?__mk_ja_JP=%E3%82%AB%E3%82%BF%E3%82%AB%E3%83%8A&dd=AxFid_W0z8lBlv6w9FRH4w%2C%2C&dib=eyJ2IjoiMSJ9.rcsVLG2G0NgtlLcj66uIrzsuxK-W1zDgGZrLQwEmW_O4FnYizZeoHRu3ToXHMjfQsu4ORZG6I2m8acQZ3guLz-T_uvHMaiubh5UkIiQy2Hd93NPmp2ov7zr0K7ZgOW713MVuEucJ0Y0xadIZJoqoZxj-Ai5bhedxCqxfoOwKfLwDmvoZMa1zdff-oOXHm1Lsqfwg6TcqF3W1_lRLRWhLhFbaPVgx-P4pgIvpz-6BjRGeaJONFM7g2mfNm3Sz0mGqz2fhhw5CP6N9DXyTudEG1QJ6eL8dN_cAi_qnQsdffTw.1jDdXYrZ4-lPwm5PnmnVr3BT3jPDOvSbgASkoIcG4kw&dib_tag=se&keywords=%E3%83%AD%E3%82%B8%E3%83%83%E3%82%AF%E3%82%A2%E3%83%8A%E3%83%A9%E3%82%A4%E3%82%B6&qid=1788594447&refinements=p_90%3A3428068051&rnid=3428066051&sr=8-35&ufe=app_do%3Aamzn1.fos.35785624-70c4-44ae-a5c3-3f044f475d63","https://m.media-amazon.com/images/W/BW_MEDIAX_AVIF_MEASUREMENT_1306696-T3/images/I/71KX0UMVk2L._AC_UL320_.jpg","OWON ADS802A デジタル オシロスコープ 2ch 70MHz 12ビット 1.25GSa/s メモリ長 50M 周波数カウンタ 電圧計 プロトコル解析 FFT 1M USB LAN HDMI LAN マウス キーボード TrigOut 7インチ タッチスクリーン ベンチトップ 薄型 軽量 電子計測器 【国内正規品・3年保証】【日本語説明書対応】","3.8","javascript:void(0)","5つ星のうち3.8","https://www.amazon.co.jp/OWON-%E3%83%87%E3%82%B8%E3%82%BF%E3%83%AB%E3%83%BB%E3%82%AA%E3%82%B7%E3%83%AD%E3%82%B9%E3%82%B3%E3%83%BC%E3%83%97-%E3%82%BF%E3%83%83%E3%83%81%E3%82%B9%E3%82%AF%E3%83%AA%E3%83%BC%E3%83%B3-%E3%80%90%E5%9B%BD%E5%86%85%E6%AD%A3%E8%A6%8F%E5%93%81%E3%83%BB3%E5%B9%B4%E4%BF%9D%E8%A8%BC%E3%80%91-ADS800A%E3%82%B7%E3%83%AA%E3%83%BC%E3%82%BA/dp/B0FBRH2ZY8/ref=sr_1_35?__mk_ja_JP=%E3%82%AB%E3%82%BF%E3%82%AB%E3%83%8A&dd=AxFid_W0z8lBlv6w9FRH4w%2C%2C&dib=eyJ2IjoiMSJ9.rcsVLG2G0NgtlLcj66uIrzsuxK-W1zDgGZrLQwEmW_O4FnYizZeoHRu3ToXHMjfQsu4ORZG6I2m8acQZ3guLz-T_uvHMaiubh5UkIiQy2Hd93NPmp2ov7zr0K7ZgOW713MVuEucJ0Y0xadIZJoqoZxj-Ai5bhedxCqxfoOwKfLwDmvoZMa1zdff-oOXHm1Lsqfwg6TcqF3W1_lRLRWhLhFbaPVgx-P4pgIvpz-6BjRGeaJONFM7g2mfNm3Sz0mGqz2fhhw5CP6N9DXyTudEG1QJ6eL8dN_cAi_qnQsdffTw.1jDdXYrZ4-lPwm5PnmnVr3BT3jPDOvSbgASkoIcG4kw&dib_tag=se&keywords=%E3%83%AD%E3%82%B8%E3%83%83%E3%82%AF%E3%82%A2%E3%83%8A%E3%83%A9%E3%82%A4%E3%82%B6&qid=1788594447&refinements=p_90%3A3428068051&rnid=3428066051&sr=8-35&ufe=app_do%3Aamzn1.fos.35785624-70c4-44ae-a5c3-3f044f475d63#customerReviews","(3)","https://www.amazon.co.jp/OWON-%E3%83%87%E3%82%B8%E3%82%BF%E3%83%AB%E3%83%BB%E3%82%AA%E3%82%B7%E3%83%AD%E3%82%B9%E3%82%B3%E3%83%BC%E3%83%97-%E3%82%BF%E3%83%83%E3%83%81%E3%82%B9%E3%82%AF%E3%83%AA%E3%83%BC%E3%83%B3-%E3%80%90%E5%9B%BD%E5%86%85%E6%AD%A3%E8%A6%8F%E5%93%81%E3%83%BB3%E5%B9%B4%E4%BF%9D%E8%A8%BC%E3%80%91-ADS800A%E3%82%B7%E3%83%AA%E3%83%BC%E3%82%BA/dp/B0FBRH2ZY8/ref=sr_1_35?__mk_ja_JP=%E3%82%AB%E3%82%BF%E3%82%AB%E3%83%8A&dd=AxFid_W0z8lBlv6w9FRH4w%2C%2C&dib=eyJ2IjoiMSJ9.rcsVLG2G0NgtlLcj66uIrzsuxK-W1zDgGZrLQwEmW_O4FnYizZeoHRu3ToXHMjfQsu4ORZG6I2m8acQZ3guLz-T_uvHMaiubh5UkIiQy2Hd93NPmp2ov7zr0K7ZgOW713MVuEucJ0Y0xadIZJoqoZxj-Ai5bhedxCqxfoOwKfLwDmvoZMa1zdff-oOXHm1Lsqfwg6TcqF3W1_lRLRWhLhFbaPVgx-P4pgIvpz-6BjRGeaJONFM7g2mfNm3Sz0mGqz2fhhw5CP6N9DXyTudEG1QJ6eL8dN_cAi_qnQsdffTw.1jDdXYrZ4-lPwm5PnmnVr3BT3jPDOvSbgASkoIcG4kw&dib_tag=se&keywords=%E3%83%AD%E3%82%B8%E3%83%83%E3%82%AF%E3%82%A2%E3%83%8A%E3%83%A9%E3%82%A4%E3%82%B6&qid=1788594447&refinements=p_90%3A3428068051&rnid=3428066051&sr=8-35&ufe=app_do%3Aamzn1.fos.35785624-70c4-44ae-a5c3-3f044f475d63","￥46,200","46,200","462ポイント(1%)","ダブルポイント","または 無料配送 にお届け","","","","残り2点 ご注文はお早めに","",""